CODIGO,DESCRIPCION,COSTO,NEGOCIO,LLEVAR,COLOCADO,BOD,STK,INV,PROVEEDOR,MARCA,CATEGORIA
DW00971GBN,ASTRO/ZAFARI 98-05 00970),,"$1,200.00","$1,400.00","$1,600.00",2,,2,CRINAMEX,CHEVROLET,PARABRISAS
DW01443GTN,ASTRA 01-06 SD/HB 2 Y 4 PTAS,,"$1,090.00","$1,240.00","$1,390.00",5,,5,CRINAMEX,CHEVROLET,PARABRISAS
DW01695GBN,AVEO SEDAN /HB 06-12,,"$1,170.00","$1,240.00","$1,450.00",,,0,CRINAMEX,CHEVROLET,PARABRISAS
DW02076GBN,AVEO SEDAN /HB  4PTS 06-12 /12-17,,"$1,350.00","$1,450.00","$1,550.00",5,,5,CITSA,CHEVROLET,PARABRISAS
DW02477GTN,AVEO 4 PTS SEDAN 2019-2020 $2100 INST,,"$1,720.00","$1,870.00","$2,100.00",4,,4,CITSA,CHEVROLET,PARABRISAS
DW01402GBY,AZTEK 4PTS  01-06,,"$2,670.00","$2,720.00","$2,970.00",,,0,CITSA,CHEVROLET,PARABRISAS
DW01712GTN,ACADIA 4 PUERTAS 07-11,,"$1,400.00","$1,550.00","$1,700.00",3,,,,CHEVROLET,PARABRISAS
DW01761GTN,CAPTIVA SPOR 4PTS  08-16,,"$1,550.00","$1,700.00","$1,850.00",5,,5,CITSA,CHEVROLET,PARABRISAS
DWCAPGTN,CAPTIVA 4 PTS SEDAN 2021-2022,,"$2,100.00","$2,200.00","$2,500.00",1,,1,,,
DW01074 GBN,CAVALIER 2PTS 90-94,,$900.00,"$1,000.00","$1,100.00",7,,7,CRINAMEX,CHEVROLET,PARABRISAS
FW001021    ,CAVALIER 4PTS 90-94,,"$1,250.00","$1,350.00","$1,450.00",4,,4,CRIN/XIN,CHEVROLET,PARABRISAS
DW01269 GBY,CAVALIER /SUNFIRE2 PTS 95-00,,"$1,800.00","$1,900.00","$2,100.00",1,,1,CRIN/XIN,CHEVROLET,PARABRISAS
DW01270GBN,CAVALIER /SUNFIRE 4PTS   95-00,,"$1,900.00","$2,000.00","$2,200.00",2,,2,CRINAMEX,CHEVROLET,PARABRISAS
DW01192 GTY,CAVALIER /SUNFIRE 2PTS   95-00,,"$1,950.00","$2,000.00","$2,250.00",5,,5,CRINAMEX,CHEVROLET,PARABRISAS
DW00842GBN,CHEVY NOVA 2 PTAS. 75-78 C/ANTENA  DW00843,$585.00,"$1,200.00","$1,400.00","$1,600.00",3,,3,CITSA,CHEVROLET,PARABRISAS
DW00844GBN,CHEVY NOVA 4 PTAS. 75-78 C/ANTENA       DW00845,,"$1,200.00","$1,400.00","$1,600.00",3,,3,CITSA,CHEVROLET,PARABRISAS
FW00779 GBN,CHEVY SWIN/JOY/MONZA/WAGON 2/4 PTAS 94-08,$560.00,$910.00,"$1,030.00","$1,150.00",5,,5,CITSA,CHEVROLET,PARABRISAS
FW00779CLN,CHEVY SWIN/JOY/MONZA/WAGON 2/4 PTAS 94-08,,$560.00,$620.00,$900.00,,,0,CRINAMEX,CHEVROLET,PARABRISAS
DW00975GTN,CHEVY NOVA 4PTAS HB 85-88,,$850.00,$930.00,"$1,180.00",,,0,CRINAMEX,CHEVROLET,PARABRISAS
DW00763GBN,CHEVROLET VAN 70-75 (CON GOMA) DW00852,$632.00,"$1,130.00","$1,210.00","$1,550.00",,,0,CRINAMEX,CHEVROLET,PARABRISAS
DW00898GBN,CITATION I/II 2/4 PTAS 84-89,,$910.00,$960.00,"$1,200.00",,,0,CRINAMEX,CHEVROLET,PARABRISAS
DW00871GBN,CAPRICE C/ANTENA77-81,$658.00,"$1,000.00","$1,100.00","$1,200.00",1,,1,CITSA,CHEVROLET,PARABRISAS
DW01533GBY,COLORADO 4 Pts 04-12,,"$1,300.00","$1,380.00",      ,,,0,CRINAMEX,CHEVROLET,PARABRISAS
,COLORADO ??????? ESQUINAS SUPERIORES REDONDAS,,,,,1,,1,KRISOLMEX,CHEVROLET,PARABRISAS
DW01502GBN,CORSA 02-08/ TORNADO 06-11  SOMBREADO (TAMBIEN PARA CORSA HATCHBACK),$700.00,"$1,050.00","$1,170.00","$1,320.00",,,0,CRINAMEX,CHEVROLET,PARABRISAS
DW01834GBN,CRUZE SEDAN /LIMITED 4 PTAS 10-16,,"$1,700.00","$1,780.00","$2,030.00",,,0,CRINAMEX,CHEVROLET,PARABRISAS
DW01005GBN ,CUTLAS 4 PTS SD/WAGON/ 82-89,,"$1,000.00","$1,100.00","$1,200.00",4,,4,CRINAMEX,CHEVROLET,PARABRISAS
DW00790CLN,DINA CAMION PICK UP Y DOBLE CABINA 69-75,,"$1,170.00","$1,250.00","$1,450.00",,,0,CRINAMEX,CHEVROLET,PARABRISAS
DW01265GBN,EXPRESS VAN 96-11,$877.00,"$1,580.00","$1,730.00","$1,930.00",4,,4,CITSA,CHEVROLET,PARABRISAS
DW01583GBN,EQUINOX 05-09 4 PTS,,"$1,500.00","$1,600.00","$1,700.00",4,,4,CITSA,CHEVROLET,PARABRISAS
DW00853GBN,G-SERIES VAN 70-80 (CON GOMA),,"$1,150.00","$1,250.00","$1,400.00",,,0,,CHEVROLET,PARABRISAS
DW00925GTN,G-SERIE VAN 81-89 (PEGADO),,$920.00,"$1,020.00","$1,250.00",,,0,,CHEVROLET,PARABRISAS
DW01288GBN,GRAND PRIX 2 PTAS 97-02,,"$1,550.00","$1,650.00","$1,900.00",,,0,,CHEVROLET,PARABRISAS
DW01330GBN,GRAND AM 2/4 PTS 99-05,,"$1,450.00","$1,550.00","$1,800.00",,,0,,CHEVROLET,PARABRISAS
FW00422GTN,PICK-UP 81-87 LUV 81-87 ES CON GOMA,,"$1,000.00","$1,100.00","$1,200.00",3,,3,CITSA,CHEVROLET,PARABRISAS
DW01024GBN,"FIREBIRD, TRANS AM, CAMARO 87-92",$721.00,"$1,400.00","$1,500.00","$1,600.00",5,,5,CITSA,CHEVROLET,PARABRISAS
DW01024GBN,"FIREBIRD, TRANS AM, CAMARO 87-93",,"$1,300.00","$1,400.00","$1,500.00",,,,CRINAMEX,CHEVROLET,PARABRISAS
DW01061GBN,"LUMINA SILHUOETTE, TRANS SPORT 90-96","$1,029.00","$1,900.00","$2,100.00","$2,300.00",3,,3,CITSA,CHEVROLET,PARABRISAS
DW01637GBY,HHR 4 PTAS HB 06-11,,"$2,000.00","$2,100.00","$2,300.00",8,,8,CRINAMEX,CHEVROLET,PARABRISAS
DW01486GTY,HUMMER H2 4 PTAS03-10,,"$2,230.00","$2,330.00","$2,600.00",,,0,CRINAMEX,CHEVROLET,PARABRISAS
DW01626GBY,HUMMER H3 06-10,,"$1,940.00","$2,040.00","$2,300.00",,,0,CRINAMEX,CHEVROLET,PARABRISAS
DW01377GBY,IMPALAS 4 PTAS SEDAN 00-05,,"$1,910.00","$2,010.00","$2,250.00",,,0,CRINAMEX,CHEVROLET,PARABRISAS
DW01640GTY,IMPALA 4 PUERTAS 08,"$1,739.00","$2,100.00","$2,200.00","$2,450.00",,,0,CRINAMEX,CHEVROLET,PARABRISAS
FW02062GBN,ISUZU RODEO/ AMIGO 4 PTAS 98-05,,"$1,300.00","$1,400.00","$1,650.00",,,0,CRINAMEX,CHEVROLET,PARABRISAS
FW02241GTN,"JAGUAR VANDEN PLAS, XJ8L, XJ8, XJR 4 PTS 98-03",,,,,1,,1,CRINAMEX,CHEVROLET,PARABRISAS
FW00594GTN,LUV PICK  UP /DOBLE CABINA 94-06 (ISUZU RODEO 2/4 PTAS 88-97),,$990.00,"$1,130.00","$1,250.00",5,,,CRINAMEX,CHEVROLET,PARABRISAS
DW01699GBN,MATIZ HB 4 PTAS 04-05,,"$1,570.00","$1,670.00","$1,920.00",,,0,CRINAMEX,CHEVROLET,PARABRISAS
DW01671GBN,MATIZ  HB 4 PTAS 06-15,,"$1,250.00","$1,350.00","$1,450.00",3,,3,CRINAMEX,CHEVROLET,PARABRISAS
DW00887GBN,MALIBU 79-82 2 PTS (DW00935),$732.00,"$1,100.00","$1,200.00","$1,300.00",2,,2,CITSA,CHEVROLET,PARABRISAS
DW00889GBN ,MALIBU/CENTURY 2/4 PTAS 78-80,,"$1,200.00","$1,300.00","$1,500.00",7,,7,CITSA,CHEVROLET,PARABRISAS
DW01386GBN,MALIBU 4 PTAS 97-03 (DW01299),,"$1,230.00","$1,310.00","$1,550.00",,,0,CRINAMEX,CHEVROLET,PARABRISAS
DW01531GTY,MALIBU 4 PTAS SEDAN/HB 04-07,,"$1,120.00","$1,220.00","$1,420.00",,,0,CRINAMEX,CHEVROLET,PARABRISAS
DW01672GTY,MALIBU /AURA SEDAN 4 PTAS 08-11,,"$2,650.00","$2,750.00","$2,850.00",7,,7,CRINAMEX,CHEVROLET,PARABRISAS
FW02430GBN,MERIVA SEDAN 4 PTAS 03-08,,"$1,170.00","$1,320.00","$1,480.00",,,0,,CHEVROLET,PARABRISAS
DW01563GBN,OPTRA SEDAN 4 PTAS 04-10  (DW01608GTN) ESTA EN NISSAN S/N ETIQUETA CHECAR ANTES PRESENTAR,,"$1,110.00","$1,190.00","$1,350.00",,,0,CRINAMEX,CHEVROLET,PARABRISAS
DW01605GTY ,PONTIAC G4 2 PTAS COUPE 06/ G5 2 PTAS COUPE 07-10,,"$1,550.00","$1,650.00","$1,750.00",5,,5,CRINAMEX,CHEVROLET,PARABRISAS
DW01606GTY,PONTIAC G5 07-10 SEDAN 4 PUERTAS COBALT 06-11 4PTS,$900.00,"$2,100.00","$2,200.00","$2,300.00",8,,0,CRINAMEX,CHEVROLET,PARABRISAS
DW01629GTY,G6 2 PTS CONVERTIBLE 06-09,"$1,350.00","$1,600.00","$1,850.00","$1,950.00",6,,6,SAINT GOBAINT,CHEVROLET,PARABRISAS
DW00904GBN,"GMC, SKYLARK, LIMITED, SPORT 80-85      SENTATION",$754.00,"$1,550.00","$1,650.00","$1,850.00",1,,1,CITSA,CHEVROLET,PARABRISAS
DW01885GBN,SPARK 10-15,$817.80,"$1,350.00","$1,470.00","$1,590.00",3,,3,CRINAMEX,CHEVROLET,PARABRISAS
DW02286GTN,SPARK 16-18,"$1,647.20","$1,300.00","$1,400.00","$1,500.00",9,,9,CITSA,CHEVROLET,PARABRISAS
DW00943GBN,S-10/BLAZER/SONOMA 4/2 PTAS 82-94                                                                                      ,$560.07,"$1,060.00","$1,180.00","$1,330.00",4,,4,CRINAMEX,CHEVROLET,PARABRISAS
DW01168-GBN,S-10/BLAZER/SONOMA 4/2 PTAS 95-04,$715.35,"$1,290.00","$1,450.00","$1,600.00",5,,5,CITSA,CHEVROLET,PARABRISAS
DW00685GBN,SILVERADO/PICK UP 67-72 SOMBREADO,$616.91,"$1,000.00","$1,100.00","$1,200.00",8,,8,CRINAMEX,CHEVROLET,PARABRISAS
DW00814GBN,CHEVROLET PICK-UP/SUBUR 73-91 MAXI/AMERICANA CON ANTENA ,$635.00,"$1,150.00","$1,230.00","$1,300.00",,,0,CRINAMEX,CHEVROLET,PARABRISAS
DW00816GBN,CHEVROLET PICK-UP/SUBUR 73-91 MAXI/AME SIN ANTENA ,$635.00,$940.00,"$1,040.00","$1,150.00",5,,5,CITSA,CHEVROLET,PARABRISAS
DW01026GBN,CHEVROLET PICK-UP/SUBUR 88-98 DW01217),$810.00,"$1,260.00","$1,360.00","$1,460.00",,,0,CRINAMEX,CHEVROLET,PARABRISAS
DW01341GBY,SILVERADO/SIERRA/SUBURBAN/ESCALADE/ 4 PTAS 99-06,,"$1,210.00","$1,330.00","$1,500.00",6,,6,CRINAMEX,CHEVROLET,PARABRISAS
DW01658-GBN,SILVERADO/CHEYENE/AVALANCHE/SUBURBAN/ESACALADE 07-14 ,,"$1,450.00","$1,650.00","$1,900.00",5,,5,CITSA,CHEVROLET,PARABRISAS
DW02041GTY,"SILVERADO/CHEYENE/SUBURBAN/SILVERADO SERIE C350,K350,C150,C250 14-16",,"$1,400.00","$1,500.00","$1,650.00",,,0,,CHEVROLET,PARABRISAS
DW02198GTN,SUBURBAN PICK UP/ SILVERADO 15-17 (MISMO 07-14) 1659,,"$2,700.00","$2,900.00","$3,100.00",3,,3,ORIGINAL,CHEVROLET,PARABRISAS
DW00653GBN,SUBURBAN PICK UP 64-66,,$900.00,"$1,050.00","$1,500.00",,,0,CITSA,CHEVROLET,PARABRISAS
DW00653GBN,SUBURBAN PICK UP 64-66,,"$1,300.00","$1,400.00","$1,500.00",,,,CRINAMEX,CHEVROLET,PARABRISAS
DW01918GTN,TORNADO 13-15  MINI P-UP,,"$1,600.00","$1,700.00","$1,800.00",8,,8,CRINAMEX,CHEVROLET,PARABRISAS
DW01448GBY,TRAIL BLAZER/ENVOY/ASCEENDER 02-09 SOMBREADO FW01447,,"$1,400.00","$1,500.00","$1,600.00",6,,6,CITSA,CHEVROLET,PARABRISAS
FW00615BTN ,TRACKER 2/4 PTAS 89-98,$965.00,"$1,350.00","$1,450.00","$1,550.00",5,,5,CRINAMEX,CHEVROLET,PARABRISAS
FW02105GBN,TRACKER/VITARA 2/4 PTAS 99-08,,"$1,100.00","$1,200.00","$1,300.00",1,,1,CRINAMEX,CHEVROLET,PARABRISAS
DW01934GBN,SONIC 4 PTAS HB 12-18,,"$1,420.00","$1,570.00","$1,720.00",5,,5,CITSA,CHEVROLET,PARABRISAS
FW02003GTY,TRAX 4 PTAS 13-16,,"$1,400.00","$1,550.00","$1,700.00",5,,5,CITSA,CHEVROLET,PARABRISAS
DW01454GBN,VENTURE /MONTANA /TRANS SPORT VAN 97-05 (LE KEDA 01574)     (PRECIO 1$1620),,"$1,600.00","$1,700.00","$1,900.00",,,0,CRINAMEX,CHEVROLET,PARABRISAS
DW01574GBN ,"UPLANDER/MONTANA SV6 06-09                                              (PRECIO 1,$1376)",,"$1,530.00","$1,630.00","$1,850.00",,,0,,CHEVROLET,PARABRISAS
DW01598GBN,VECTRA 4 PTAS SEDAN 02-08,,"$1,300.00","$1,400.00","$1,500.00",5,,5,CITSA,CHEVROLET,PARABRISAS
DW01598GBN,VECTRA 4 PTAS SEDAN 02-08 USADO,,"$1,150.00","$1,250.00","$1,350.00",,,,USADO,,
DW01501GBN,ZAFIRA MINI VAN 02-05,,"$1,400.00","$1,500.00","$1,600.00",2,,2,,CHEVROLET,PARABRISAS
DW01549GBY,CADILLAC ESCALED 05,,"$1,100.00","$1,200.00","$1,400.00",,,0,,CHEVROLET,PARABRISAS
DW01155GBN,CAMARO 93-99 ,,"$2,000.00","$2,100.00","$2,350.00",,,0,CRINAMEX,CHEVROLET,PARABRISAS
,CHRYSLER,,,,,,,,,,PARABRISAS
DW01442CLN,ATOS 4PTS 01-11,,"$1,070.00","$1,170.00","$1,320.00",4,,4,CRINAMEX,CHRYSLER,PARABRISAS
DW01571GBN,300 4 PTAS. SEDAN 2005 / 2009  DODGE CHARGER 4 PTAS. 2006 / 2009 CHECAR,"$1,170.00","$1,620.00","$1,770.00","$1,950.00",2,,2,CRINAMEX,CHRYSLER,PARABRISAS
FW02716GBN,ATITUDE 4PTS /ACCET 2/4 HB Y SEDAN 06-11 FW02632GTN,,"$1,200.00","$1,400.00","$1,500.00",1,,1,CITSA,CHRYSLER,PARABRISAS
FW02716GBN,ATITUDE 4PTS /ACCET 2/4 HB Y SEDAN 06-11 FW02632GTN,,"$1,560.00","$1,660.00","$1,900.00",,,,CRINAMEX,CHRYSLER,PARABRISAS
FW03482GBN,ATITUDE 4PTS /ACCET 2/4 HB Y SEDAN 12-14 ,,"$1,960.00","$2,060.00","$2,160.00",2,,2,CRINAMEX,CHRYSLER,PARABRISAS
DW01853GTN,AVENGER/CIRRUS/200 4PTS 07-14 (DW01683),,"$2,060.00","$2,160.00","$2,400.00",,,0,GUARDIAN,CHRYSLER,PARABRISAS
DW01643GBN,CALIBER 4PTS 07-12 SIN ETIQUETA,,"$1,500.00","$1,600.00","$1,800.00",1,,1,CRINAMEX,CHRYSLER,PARABRISAS
DW01118GBN,CARAVAN/VOYAGER 87-95 (DW00963 CITSA),,"$1,230.00","$1,330.00","$1,530.00",,,0,CRINAMEX,CHRYSLER,PARABRISAS
DW01226GBN,CARAVAN/VOYAGER C/A 96- 00 / 01-07 /,,"$1,420.00","$1,500.00","$1,700.00",,,0,CRINAMEX,CHRYSLER,PARABRISAS
DW01224GTN,CARAVAN/VOYAGER S/A 96-00 / 01-07 /,,"$1,480.00","$1,600.00","$1,800.00",6,,6,CRINAMEX,CHRYSLER,PARABRISAS
DW01708GTN,GRAND CARAVAN/TAW&CONTRY/ ROUTAN 08-12,,"$2,110.00","$2,210.00","$2,450.00",,,0,CRINAMEX,CHRYSLER,PARABRISAS
DW01660GTY,CHARGER/300/MAGNUN 4PTS 06-10           1780,,"$2,750.00","$2,850.00","$3,050.00",,,0,,CHRYSLER,PARABRISAS
DW00952GBN,CHEROKEE  84-99 (DW01140)COMANCHE ,,$920.00,"$1,070.00","$1,300.00",3,,3,CRINAMEX,CHRYSLER,PARABRISAS
DW01700GTN,COMMANDER 4PTS 06-11,,"$1,280.00","$1,380.00","$1,580.00",,,0,,CHRYSLER,PARABRISAS
DW01662GBN,COMPASS 4PTS 07-16,,"$1,500.00","$1,650.00","$1,800.00",3,,3,CITSA,CHRYSLER,PARABRISAS
DW00973GBN,DART KA /PLYMOUNT 2/4 PTS 81-88 DW00923,,"$1,070.00","$1,210.00","$1,350.00",,,0,CITSA,CHRYSLER,PARABRISAS
DW00691GBN,DART 4 PTS MOD. 76,,"$1,020.00","$1,170.00","$1,350.00",6,,6,CITSA,CHRYSLER,PARABRISAS
DW00690GBN,DART 2 PTAS HARD TOP 67-76,$502.00,"$1,220.00","$1,370.00","$1,550.00",4,,4,CRINAMEX,CHRYSLER,PARABRISAS
DW02016GTY,DART 4 PTS SEDAN 13-14,,"$2,860.00","$2,910.00","$3,180.00",,,0,,CHRYSLER,PARABRISAS
DW00999GBN,DAKOTA PICKUP 90-97 2 PTS,,"$1,100.00","$1,230.00","$1,360.00",5,,5,CITSA,CHRYSLER,PARABRISAS
DW01472GBN,DAKOTA /DURANGO 97-04 (DW01295)                           VITRO,,"$1,010.00","$1,080.00","$1,380.00",,,0,CITSA,CHRYSLER,PARABRISAS
DW01590GBN,DAKOTA /RAIDER CABINA 1/2 YDOBLE CABINA 05-11,,"$1,470.00","$1,620.00","$1,780.00",4,,4,CITSA,CHRYSLER,PARABRISAS
DW01043GBN,"DYNASTY 4 PTS 88-93 / FIFTH AVENUE, IMPERIAL 4 PTS 90-93",,"$1,300.00","$1,400.00","$1,500.00",4,,4,CRINAMEX,CHRYSLER,PARABRISAS
DW01555GBN,DURANGO/ASPEN  05-09,,"$1,540.00","$1,690.00","$1,840.00",9,,9,CRINAMEX,CHRYSLER,PARABRISAS
DW00914GBN,DODGE PICK UP/DOBLERODADA/RAM CHARGER/VOLTEO 73-93 (DW00796)               VITRO,$619.45,$950.00,"$1,050.00","$1,150.00",6,,6,CRINAMEX,CHRYSLER,PARABRISAS
DW00760GBN,DODGE VAN  3PTS 70-79,,"$1,020.00","$1,070.00","$1,400.00",,,0,,CHRYSLER,PARABRISAS
DW00964GBN,DODGE VAN 89-93 CON GOMA (27.0X72.0),,$720.00,$780.00,"$1,200.00",,,0,CRINAMEX,CHRYSLER,PARABRISAS
DW01167GTN,DODGE VAN 94-03 PEGADO (24.5x73.0),,"$1,290.00","$1,450.00","$1,650.00",3,,3,CITSA,CHRYSLER,PARABRISAS
DW01142GBN,GRAN CHEROKEE 4PTS 93-98,,"$1,150.00","$1,290.00","$1,450.00",7,,7,CITSA,CHRYSLER,PARABRISAS
DW01346-GBN,GRAN CHEROKEE 4PTS 99-04,,"$1,270.00","$1,420.00","$1,600.00",5,,5,CITSA,CHRYSLER,PARABRISAS
DW01591GTN,GRAND CHEROKEE 05-10,"$1,210.00","$1,350.00","$1,450.00","$1,650.00",,,0,,CHRYSLER,PARABRISAS
DW01839GTY,GRAND CHEROKEE /DURANGO 11-13,,"$1,430.00","$1,480.00","$1,760.00",,,0,,CHRYSLER,PARABRISAS
FW02813GBN,H100 2PTS /CARGO VAN 06-10,,"$1,400.00","$1,530.00","$1,650.00",4,,4,CITSA,CHRYSLER,PARABRISAS
DW04045GBN,H100 03 / 06 H1000 FW02678 C/GOMA (CLAVE NAGS FW02678),$775.41,"$1,020.00",$117.00,"$1,350.00",4,,4,CITSA,CHRYSLER,PARABRISAS
FW03484GGN ,I-10 4PTS 12-14,,"$1,600.00","$1,750.00","$1,950.00",,,0,SAINT GOBAINT,CHRYSLER,PARABRISAS
DW01141GTN,  ,,$490.00,$550.00,$900.00,,,0,CRINAMEX,CHRYSLER,PARABRISAS
DW01321GTN,JEEP WRANGLER 97-,,$510.00,$570.00,$950.00,,,0,,CHRYSLER,PARABRISAS
DW01668GTN,JEEP WRANGLER 07-16,,$570.00,$620.00,$920.00,,,0,,CHRYSLER,PARABRISAS
DW00831GBN,GRAN WAGONNER 89-91 4 PTS (DW00643) ESTA EN CHEVROLET,,"$1,100.00","$1,100.00","$1,300.00",3,,3,,CHRYSLER,PARABRISAS
DW01759GTN,JOURNEY 4PTS 09-13 14-18 MISMO PARABRISAS,,"$1,470.00","$1,620.00","$1,850.00",,,0,,CHRYSLER,PARABRISAS
DW01678GTN,LIBERTY 4PTS 02-07 (SERIE ALTABLERO) CHECAR,,"$1,120.00","$1,270.00","$1,450.00",4,,4,CRINAMEX,CHRYSLER,PARABRISAS
DW01511GBN,LIBERTY 4PTS 02-07 (SERIE AL POSTE) DW01419,,"$1,210.00","$1,290.00","$1,460.00",2,,2,CRINAMEX,CHRYSLER,PARABRISAS
DW01511GBN,LIBERTY 4PTS 02-07 (SERIE AL POSTE) DW01420,,"$1,020.00","$1,170.00","$1,350.00",,,,,,
DW01723GBN,LIBERTY 4PTS 08-11 (SERIE AL TABLERO),,"$1,280.00","$1,430.00","$1,580.00",2,,2,CITSA,CHRYSLER,PARABRISAS
DW01179GBN,NEON 2/4PTS 95-99,,"$1,200.00","$1,350.00","$1,500.00",2,,2,CRINAMEX,CHRYSLER,PARABRISAS
DW01468GBN,NEON 2/4PTS 00-05 01349,,"$1,200.00","$1,320.00","$1,500.00",1,,1,CRINAMEX,CHRYSLER,PARABRISAS
DW01670GBN,NITRO 4PTS 07-11,,"$1,320.00","$1,470.00","$1,620.00",5,,5,CRINAMEX,CHRYSLER,PARABRISAS
DW01526GBN,PACIFICA 04-08 4 PTAS,,"$2,090.00","$2,140.00","$2,700.00",5,,5,CITSA,CHRYSLER,PARABRISAS
DW01526GBN,PACIFICA 04-08 4 PTAS,,"$1,570.00","$1,720.00","$1,880.00",,,,,,
DW01682GTN,PATRIOT 4PTS 07-17,,"$1,320.00","$1,480.00","$1,650.00",3,,3,CRINAMEX,CHRYSLER,PARABRISAS
DW00605GBN,PICK UP /CAMION /VOLTEO  61-71,,$980.00,"$1,150.00","$1,300.00",4,,4,CITSA,CHRYSLER,PARABRISAS
DW01176GBN,PICK UP RAM 250/350/150 94-02 (SERIE ANCHO),,"$1,380.00","$1,530.00","$1,680.00",,,0,crinamex,CHRYSLER,PARABRISAS
DW01473GTN,PICK UP RAM 250/350/150 94-02 (SERIE ANGOSTO)(DW01381),,"$1,370.00","$1,520.00","$1,700.00",,,0,CRINAMEX,CHRYSLER,PARABRISAS
DW01512GBN,PICK UP RAM 150/250/350/450/550 CABINA 1/2 Y DOBLE CABINA 03-08 (DW01456),,"$1,440.00","$1,590.00","$1,740.00",,,0,CITSA,CHRYSLER,PARABRISAS
DW01456GBN,PICK UP RAM 150/250/350/450/550 CABINA 1/2 Y DOBLE CABINA 03-08 ,,"$1,440.00","$1,590.00","$1,740.00",5,,5,CRINAMEX,CHRYSLER,PARABRISAS
DW01553GTN,PT CRUISER HB/CONBERTIBLE 2/4PTS 01-08  (DW01390GBY),,"$1,780.00","$1,900.00","$2,050.00",,,0,CRINAMEX,CHRYSLER,PARABRISAS
DW01028GBN,PHANTOM 87-94 CHRYSLER                  CHECAR ANTES NO TIENE ETIQUETA,$707.00,"$1,200.00","$1,350.00","$1,500.00",2,,2,CITSA,CHRYSLER,PARABRISAS
DW00998GBN,"SHADOW, SUDANCE 2/4 PTAS 87-94 (03205)",,"$1,020.00","$1,170.00","$1,320.00",5,,5,CITSA,CHRYSLER,PARABRISAS
DW01057GBN,SPIRIT 2 Y 4 PTS 89-95 ,$660.00,$560.00,$640.00,"$1,250.00",,,0,,CHRYSLER,PARABRISAS
DW01488GGN,"SPRINTER VAN 118WB 06, 140WB 06, 158WB 03-06 ESTA EN FORD 1","$1,550.00","$2,200.00","$2,500.00","$2,800.00",2,,2,CRINAMEX,CHRYSLER,PARABRISAS
DW01719GYN,SPRINTER 170-140  VAN  07-15/CRAFTER VAN,"$2,685.00","$1,980.00","$2,030.00","$2,500.00",1,,1,CITSA,CHRYSLER,PARABRISAS
DW01198GBN,STRATUS /SEBRING /CIRRUS /4PTS 01-06 (DW01467)1853,,"$1,380.00","$1,530.00","$1,680.00",1,,1,CITSA,CHRYSLER,PARABRISAS
DW01413GBN,STRATUS /SEBRING /CIRRUS /4PTS 01-06 (DW01467)1853,,$980.00,"$1,000.00","$1,250.00",,,0,CRINAMEX,CHRYSLER,PARABRISAS
DW00859GBN,"VALIANT,DART,LEB. 4 PTAS. Y GUAYIN 77-78 volare 2 pt",$617.00,"$1,080.00","$1,230.00","$1,400.00",4,,4,CITSA,CHRYSLER,PARABRISAS
FW02162GBN,VERNA 2/4 PTS SEDAN 03-06,,"$1,200.00","$1,300.00","$1,400.00",2,,2,CRINAMEX,CHRYSLER,PARABRISAS
FW02162GBN,VERNA 2/4 PTS SEDAN 03-06 USADO ,,$900.00,"$1,000.00","$1,100.00",,,,USADO,,
DW00858GBN,VOLARE 2PTS ,,"$1,050.00","$1,200.00","$1,350.00",4,,4,CITSA,CHRYSLER,PARABRISAS
DW00859GBN,VOLARE 4PTS DARK ,,"$1,080.00","$1,230.00","$1,400.00",7,,7,CITSA,CHRYSLER,PARABRISAS
DW01094GBN,AEROSTAR CARGO/MINI VAN 90-98,,"$1,500.00","$1,650.00","$1,850.00",2,,2,CRINAMEX,FORD,PARABRISAS
DW01187GBY,CONTOUR/MISTIQUE 4 PTAS 95-99         (DW01264),,"$1,260.00","$1,380.00","$1,500.00",1,,1,CRINAMEX,FORD,PARABRISAS
FW00246,COURIER 72-82,,"$1,410.00","$1,510.00","$1,600.00",,,0,CRINAMEX,FORD,PARABRISAS
DW00603CLN,ECONOLINE VAN /PICK UP 2 PTAS 61-67,,"$1,730.00","$1,830.00","$2,030.00",,,0,CRINAMEX,FORD,PARABRISAS
DW00837CLN,ECONOLINE MINIVAN 75-92,,$910.00,"$1,010.00","$1,250.00",,,0,CRINAMEX,FORD,PARABRISAS
DW01292GBY,ECONOLINE MINI VAN 92-14 (DW01175)                                                (VITRO),,"$1,350.00","$1,450.00","$1,700.00",,,0,CRINAMEX,FORD,PARABRISAS
DW01552-GBN,ECOSPORT 4 PTAS 03-13,,"$1,190.00","$1,340.00","$1,490.00",5,,5,CITSA,FORD,PARABRISAS
DW02005GTM,ECOSPORT 16-19 4 PTAS DW02420,,"$1,710.00","$1,910.00","$2,100.00",1,,1,CRINAMEX,FORD,PARABRISAS
DW01653GTY,EDGE ESPORT/LIMITED 4 PTAS 07-11/LINCON MKX 07-11 4 PTAS ,,"$1,660.00","$1,760.00","$1,980.00",1,,1,CITSA,FORD,PARABRISAS
DW01397GTY,ESCAPE / TRIBUTE 4 PTS  01-07 (1579),,"$1,200.00","$1,350.00","$1,480.00",5,,5,CRINAMEX,FORD,PARABRISAS
DW01086GBN,ESCORT 2 y 4 pts hb 1991-1996,,"$1,330.00","$1,480.00","$1,630.00",6,,6,CRINAMEX,FORD,PARABRISAS
DW01283GBY,ESCORT SEDAN 2/4 PTAS 97-02,,"$1,070.00","$1,190.00","$1,320.00",,,0,CITSA,FORD,PARABRISAS
DW01374GBY,EXCURSION 2000-2005 4 PTAS,,"$1,500.00","$1,600.00","$1,850.00",,,0,CRINAMEX,FORD,PARABRISAS
DW01863GTY,Expedition EL 4 pts  2007-2011,,"$2,600.00","$2,700.00","$2,950.00",,,0,CRINAMEX,FORD,PARABRISAS
DW01087GBY,EXPLORER/ESPORT TRAC 2 PTAS 91-94 (LE KDA EL 1206 ),,$940.00,$960.00,"$1,400.00",,,0,CRINAMEX,FORD,PARABRISAS
DW01206GBY,EXPLORER/ESPORT TRAC 2 PTAS 95-01 (= AL 1087),,"$1,070.00","$1,240.00","$1,350.00",,,0,CRINAMEX,FORD,PARABRISAS
DW01474GBY,EXPLORER/ESPRT TRAC /AVIATOR/MOUNTANIER/4PTAS 02-10(FW01417),,"$1,750.00","$1,900.00","$2,050.00",1,,1,CITSA,FORD,PARABRISAS
DW01474GBY,EXPLORER/ESPRT TRAC /AVIATOR/MOUNTANIER/4PTAS 02-10(FW01417),,"$1,230.00","$1,330.00","$1,650.00",,,,CITSA,,
DW01938GBY,EXPLORER 11-16 4 PTAS (FW01938),,"$1,210.00","$1,310.00","$2,550.00",,,0,CRINAMEX,FORD,PARABRISAS
DW00584GBN,FALCOM 60-65,$616.02,$920.00,"$1,020.00","$1,220.00",3,,3,CITSA,FORD,PARABRISAS
DW0884GBN,FAIRMON SEDAN / WAGON 2/4PTAS 78-83,,"$1,200.00","$1,300.00","$1,500.00",,,0,CRINAMEX,FORD,PARABRISAS
FW02131GBN,FIESTA 98-02 2/4 PTAS /COURIER/ IKON 01-07 2 PTAS (FW02236),,$990.00,"$1,120.00","$1,280.00",4,,4,CRINAMEX,FORD,PARABRISAS
FW02401 GBN,FIESTA FIRS 4 PTAS SEDAN 03-10                                                                  ,,"$1,240.00","$1,390.00","$1,550.00",5,,5,CITSA,FORD,PARABRISAS
DW01837GTN,FIESTA HB 4 PTAS 11-16,,"$1,730.00","$1,830.00","$2,100.00",6,,6,CRINAMEX,FORD,PARABRISAS
DW02289GTN,FIGO 12-17,,"$1,450.00","$1,650.00","$1,900.00",,,0,CITSA,FORD,PARABRISAS
DW01345GBY,FOCUS 2/4 PTAS 00-05 DW01459,,"$1,100.00","$1,200.00","$1,400.00",,,0,CRINAMEX,FORD,PARABRISAS
DW01766GTY,FOCUS SEDAN 2/4 PTAS 06-11,,"$2,560.00","$2,660.00","$2,900.00",,,0,CRINAMEX,FORD,PARABRISAS
DW02002GTN,FOCUS HATBACK Y SD 2012-2018 4 PTS,,"$1,900.00",,,4,,,CITSA,,
DW01876GTY,FOCUS 12 SD/HB 2/4 PTAS (DW01875),,"$2,330.00","$2,430.00","$2,700.00",,,0,CRINAMEX,FORD,PARABRISAS
DW00602GBN,PICK UP 61-66,,"$1,000.00","$1,150.00","$1,300.00",4,,4,CITSA,FORD,PARABRISAS
DW00602GBN,PICK UP 61-67,,"$1,360.00","$1,460.00","$1,560.00",,,,CRINAMEX,FORD,PARABRISAS
DW00819GBN,PICK UP /DOBLE RODADA /BOLTEO/67-79 (DW00687),$610.77,$870.00,$970.00,"$1,100.00",5,,5,CITSA,FORD,PARABRISAS
DW01003 GBN,PICK UP / CAMIONES 80-99 2 Y CAB Y MEDIA ( 1099),$626.40,"$1,100.00","$1,260.00","$1,460.00",5,,5,CITSA,FORD,PARABRISAS
DW01256GBN,FORD PICK UP /F-150/ (EXPEDITION 2/4 PTAS 97-02) (DW01582)            (VITRO),$763.52,"$1,280.00","$1,430.00","$1,580.00",,,0,CITSA,FORD,PARABRISAS
DW01551GTY,PICKUP/ DOBLE CABINA LOBO  04-08   (DW01548)               (SANGOBAY),,"$1,490.00","$1,640.00","$1,800.00",3,,3,CITSA,FORD,PARABRISAS
DW01747GTY,F-150/LOBO 2/4 PTAS 09-14,,"$1,720.00","$1,870.00","$2,300.00",1,,1,CITSA,FORD,PARABRISAS
DW02153GTN,LOBO 2016-2017,"$1,784.11","$3,130.00","$3,230.00","$3,500.00",2,,2,CITSA,FORD,PARABRISAS
DW02153GTN,LOBO 2016-2018,,"$3,130.00","$3,230.00","$3,500.00",,,,CRINAMEX,FORD,PARABRISAS
DW01319 GBN,FORD SERIES 250/550/750/450/350/SUPER DUTY 99-12,$870.00,"$1,280.00","$1,450.00","$1,650.00",1,,1,CITSA,FORD,PARABRISAS
DW01475GBN,FORD KA 2 PTAS 98-08,"$1,127.00",$980.00,"$1,130.00","$1,280.00",,,0,CITSA,FORD,PARABRISAS
DW01622GTN,FUSION 06-12 4 PTAS                                                                          (VITRO),,"$1,410.00","$1,510.00","$1,700.00",4,,4,CITSA,FORD,PARABRISAS
DW01950GTY,FUSION HYBRID /ENERGI SEDAN 4 PTAS 13-16,,"$2,950.00","$3,050.00","$3,300.00",,,0,CRINAMEX,FORD,PARABRISAS
DW00798GBN,GALAXI/LTD/COSTUM 2/4 PTAS 73-79,,"$1,410.00","$1,510.00","$1,700.00",,,0,CRINAMEX,FORD,PARABRISAS
DW00899GBN,GRAND MARQUIS 89-91 WAGON DW01059-1062/CROWN VICTORIA 4 DOOR SEDAN 89-91,,"$1,270.00","$1,370.00","$1,570.00",2,,2,CRINAMEX,FORD,PARABRISAS
DW01149GBY,GRAN MARQUIS /CRUW VICTORIA / MARAUDER 4 PTAS 92-02           (VITRO),,"$1,320.00","$1,420.00","$1,620.00",,,0,CRINAMEX,FORD,PARABRISAS
DW03441GBN,IKON SEDAN 2011  4PTAS (3441) HB 12-13 (igual 02401),,"$1,200.00","$1,300.00","$1,500.00",,,0,CRINAMEX,FORD,PARABRISAS
DW00727GBN,MAVERICK /COME 2/4PTAS 70-77,,"$1,040.00","$1,140.00","$1,340.00",2,,2,CRINAMEX,FORD,PARABRISAS
DW00654GBN,MUSTANG 64-67         DW00703                   ,$488.00,$880.00,$980.00,"$1,200.00",4,,4,CITSA,FORD,PARABRISAS
DW01477GTY,MONDEO 4 PTAS 01-07,,"$1,250.00","$1,400.00","$1,600.00",1,,1,CITSA,FORD,PARABRISAS
DW01477GTY,MONDEO 4 PTAS 01-08,,"$1,980.00","$2,080.00","$2,300.00",,,,CRINAMEX,FORD,
DW00738GBN,MUSTANGG HARD TOP 2 PTAS 69-70,,"$1,350.00","$1,450.00","$1,650.00",,,0,CRINAMEX,FORD,PARABRISAS
DW01609GTN,MUSTANG 2 PTAS COUPE  2005-2010   DW01570,,"$1,520.00","$1,620.00","$1,820.00",8,,8,CITSA,FORD,PARABRISAS
DW00773GBN,MUSTANGG COMBERTIBLE /COUP 2PTAS 71-73,,"$1,640.00","$1,740.00","$1,940.00",,,0,CRINAMEX,FORD,PARABRISAS
DW00824GBN,MUSTANGG 2PTAS 74-79,,$630.00,$850.00,"$1,000.00",2,,2,CITSA,FORD,PARABRISAS
DW00824GBN,MUSTANGG 2PTAS 74-80,,"$1,270.00","$1,370.00","$1,570.00",,,,CRINAMEX,FORD,
DW00900GBN,MUSTANGG 2PTAS 80-90,,$900.00,"$1,000.00","$1,200.00",,,0,,173,PARABRISAS
DW01169GBY,MUSTANGG 2PTAS COUP 94-98 le keda 1517,,"$1,170.00","$1,290.00","$1,450.00",2,,2,,FORD,PARABRISAS
DW01517GTY,MUSTANGG 2PTAS 99-04 le keda 1169,,"$1,770.00","$1,820.00","$2,030.00",,,0,,FORD,PARABRISAS
DW01570GTY,MUSTANGG COUP/COMBERTIBLE 05-14,,"$1,820.00","$1,920.00","$2,150.00",,,0,CRINAMEX,FORD,PARABRISAS
FW02317GBN,PALIO 2/4 PTS HB/SD 04-08,"$1,250.00","$1,500.00","$1,800.00","$2,000.00",6,,6,SAINT GOBAN,FORD,PARABRISAS
DW01090GBN,RANGER PICK UP /BRONCO MINI PICK UP 84-92(DW00939),$660.00,$970.00,"$1,100.00","$1,250.00",,,0,CITSA,FORD,PARABRISAS
DW01205 GBN,RANGER PICK UP CABINA IMEDIA Y DOBLE CABINA 93-10 (DW01317) (DW01150),,$990.00,"$1,140.00","$1,300.00",5,,5,CITSA,FORD,PARABRISAS
DW02078GTY,RANGER PICK UP DOBLE CABINA 13-15,,"$1,360.00","$1,440.00","$1,700.00",4,,4,CITSA,FORD,PARABRISAS
DW02078GTY,RANGER PICK UP DOBLE CABINA 13-16,,"$2,780.00","$2,880.00","$3,100.00",,,,CRINAMEX,FORD,PARABRISAS
DW01091GBN,THUNDERBIRD COUGAR 89-95  (DW01047) CHECAR NO TIENE ETIQUETA ,,"$1,260.00","$1,360.00","$1,560.00",7,,7,CITSA,FORD,PARABRISAS
DW01092GBN,TOPAZ 84-94 2/4 PTAS (DW00947),,$950.00,"$1,050.00","$1,190.00",10,,10,CITSA,FORD,PARABRISAS
DW01218GBN,TAURUS 4 PTAS. SEDAN 96-05 MERCURY SABLE,$961.00,"$1,520.00","$1,620.00","$1,820.00",4,,5,CITSA,FORD,PARABRISAS
DW01758GTN,TRANSIT MINI BAN 07-09,,"$1,400.00","$1,560.00","$2,100.00",1,,1,CITSA,FORD,PARABRISAS
DW01758GTN,TRANSIT MINI BAN 07-10,,"$1,910.00","$2,060.00","$2,500.00",,,,CRINAMEX,FORD,PARABRISAS
DW01815GTN,1719,,"$2,640.00","$2,790.00","$3,300.00",,,0,CRINAMEX,FORD,PARABRISAS
DW01174GBY,WINDSTAR/FREESTAR/MONTEREY 95-05 (DW01257)                      (VITRO),"$1,000.00","$1,260.00","$1,310.00","$1,480.00",,,0,CRINAMEX,FORD,PARABRISAS
,NISSAN,,,,,,,,,,PARABRISAS
FW00727GBN,ALTIMA 4PTS SEDAN 93-97,,"$1,090.00","$1,190.00","$1,390.00",,,0,CRINAMEX,NISSAN,PARABRISAS
FW02260GBN,ALTIMA 4PTS 98-01 (FW02060),,"$1,500.00","$1,600.00","$1,700.00",1,,1,CRINAMEX,NISSAN,PARABRISAS
FW02281GBN,ALTIMA 4PTS 02-06,,"$1,200.00","$1,300.00","$1,500.00",1,,1,CRINAMEX,NISSAN,PARABRISAS
FW02734GTN,ALTIMA SEDAN 4PTS 07-12                                                               (VITRO),,"$1,450.00","$1,550.00","$1,700.00",3,,3,CRINAMEX,NISSAN,PARABRISAS
FW03621GBN, Altima 4 Door Sedan 2013-2015 ,,"$1,560.00","$1,660.00","$1,860.00",,,0,CRINAMEX,NISSAN,PARABRISAS
FW02822GBN,ALTIMA COUPE 2PTS 08-13,,"$2,310.00","$2,410.00","$2,600.00",,,0,CRINAMEX,NISSAN,PARABRISAS
FW02297GTN,ALMERA SEDAN 2/4PTS 00-06,"$1,130.00","$1,430.00","$1,530.00","$1,730.00",,,0,CRINAMEX,NISSAN,PARABRISAS
FW02962GTN,APRIO 4PTS 08-10                                                                            (VITRO),,"$1,510.00","$1,610.00","$1,800.00",,,0,CRINAMEX,NISSAN,PARABRISAS
FW02391GBN,ARMADA /TITAN /(ISUZUQX56)06-10,"$1,271.00","$1,640.00","$1,740.00","$1,940.00",,,0,CRINAMEX,NISSAN,PARABRISAS
FW03754GTN,CARGO VAN NV 200 13-16,,"$1,910.00","$2,010.00","$2,200.00",,,0,CRINAMEX,NISSAN,PARABRISAS
FW00389GBN,"DATSUN HATCH-BACK,2 P. SAMURAY 81-83   FW00412",$614.80,$900.00,"$1,150.00","$1,350.00",5,,5, CITSA ,NISSAN,PARABRISAS
FW00197GBN,DATSUN SEDAN 4PTS 65-73 CONGOMA,,$900.00,"$1,050.00","$1,300.00",1,,1, CITSA ,NISSAN,PARABRISAS
FW00197GBN,DATSUN SEDAN 4PTS 65-73 CONGOMA USADO,,$700.00,$800.00,"$1,000.00",1,,1, CITSA ,,
FW00270CLN,DATSUN 610 SEDAN /WAGON 4PTS 74-78 BOLILLO,,"$1,000.00","$1,100.00","$1,350.00",2,,2, CITSA ,NISSAN,PARABRISAS
FW00357GBN,DATSUN 810 SEDAN /WAGON 2/4 PTS 79-83 CHECAR ANTES,,$910.00,"$1,060.00","$1,200.00",4,,4,CITSA,NISSAN,PARABRISAS
FW00357CLN,DATSUN 810 SEDAN /WAGON 2/4 PTS 79-84,,"$1,210.00","$1,310.00","$1,500.00",,,,CRINAMEX,,
FW00177GBN,DATSUN PRIMERA PICK UP 2PTS 66-72,,"$1,150.00","$1,250.00","$1,350.00",1,,1,CITSA,NISSAN,PARABRISAS
FW00177GBN,DATSUN PRIMERA PICK UP 2PTS 66-73,,"$1,980.00","$2,080.00","$2,200.00",,,,CRINAMEX,NISSAN,PARABRISAS
FW02070GBN,XTERRA /FRONTIER  98-02,,"$1,350.00","$1,450.00","$1,650.00",,,0,CITSA,NISSAN,PARABRISAS
FW02229GBN,FRONTIER 01-08 /XTERRA 00-04,,"$1,200.00","$1,300.00","$1,500.00",,,0,CRINAMEX,NISSAN,PARABRISAS
FW02510GBN,FRONTIER / PATHFINDER / XTERRA 06-15                    (VITRO)                   1851 SIN ETIQUETA,,"$1,550.00","$1,620.00","$1,800.00",4,,4,CRINAMEX,NISSAN,PARABRISAS
FW04146GTN,FRONTIER 2015,,"$1,170.00","$1,320.00","$1,480.00",5,,5,CRINAMEX,NISSAN,PARABRISAS
FW00538GBN,HIKARY  2PTS 88-91 REVISAR ANTES,,"$1,020.00","$1,170.00","$1,300.00",5,,5,CITSA,NISSAN,PARABRISAS
FW00538GBN,HIKARY  2PTS 88-92,,"$1,480.00","$1,580.00","$1,780.00",,,,CRINAMEX,NISSAN,PARABRISAS
FW02153GBN,ICHIVAN,,"$1,100.00","$1,200.00","$1,300.00",1,,1,CITSA,NISSAN,PARABRISAS
FW03311GTN,JUKE 4PTS 11-16,,"$1,750.00","$1,850.00","$2,050.00",,,0,CRINAMEX,NISSAN,PARABRISAS
FW04504GTN,KICKS 4 PTS 2017,,"$1,770.00","$1,920.00","$2,100.00",5,,5,CITSA,NISSAN,PARABRISAS
FW02657GBN,MICRA 4 PTAS HATCHBACK 05/08   FW04323,$736.00,"$1,150.00","$1,300.00","$1,600.00",4,,4,CITSA,NISSAN,PARABRISAS
FW02657GBN,MICRA 4 PTAS HATCHBACK 05/08   FW04324,,"$3,300.00","$3,400.00","$3,600.00",,,,CRINAMEX,NISSAN,PARABRISAS
FW03433GTN,MARCH HB 4PTS 12-15 ,,"$1,250.00","$1,360.00","$1,550.00",2,,2,CRINAMEX,NISSAN,PARABRISAS
FW00781GBN,     ,,"$1,630.00","$1,730.00","$1,950.00",,,0,,NISSAN,PARABRISAS
FW02121GBN,,,"$1,530.00","$1,630.00","$1,830.00",,,0,CRINAMEX,NISSAN,PARABRISAS
FW02410GBN,MAXIMA 4PTS 04-08,,"$2,550.00","$2,650.00","$2,850.00",,,0,CRINAMEX,NISSAN,PARABRISAS
FW02381GBY ,MURANO 4PTS 03-07,,"$2,400.00","$2,500.00","$2,700.00",3,,3,CRINAMEX,NISSAN,PARABRISAS
FW00271GBN,NISSAN PICKUP 72-79 1100,,$850.00,$950.00,"$1,100.00",2,,2,CRINAMEX,NISSAN,PARABRISAS
FW00413 GBN,NISSAN PICK UP 720 81-93 MEXICANA,$603.00,$920.00,"$1,040.00","$1,150.00",3,,3,CITSA,NISSAN,PARABRISAS
FW003421 GBN,NISSAN PICKUP D21 93-11 FRONTIER/XTERRA/D22/ (FW00526),,$910.00,"$1,030.00","$1,150.00",5,,5,CITSA,NISSAN,PARABRISAS
FW03781GTN,NOTE  14-16 PRESENTARLO ANTES EL PARAB SE BORRO CLAVE)," PROMO $1,665 ","$2,870.00","$2,970.00","$3,170.00",,,0,CRINAMEX,NISSAN,PARABRISAS
FW02012GBN,PATHFINDER 96-04 (FW02000GBN),,"$1,380.00","$1,480.00","$1,680.00",,,0,CRINAMEX,NISSAN,PARABRISAS
FW02290-GBN,PLATINA 4PTS 05-10 /RENAULT CLIO 2 PTAS 01-05 1450 YA INSTALADO,,"$1,190.00","$1,340.00","$1,490.00",5,,5,CITSA,NISSAN,PARABRISAS
DW01252GBN,QUEST MINI VAN 93-98 / VILLAGER FORD              (DW01143)                                   (VITRO),,"$1,630.00","$1,780.00","$1,930.00",5,,5,CRINAMEX,NISSAN,PARABRISAS
DW01328GBN,QUEST MINI VAN 99-03  (LE KEDA EL 01252),,"$1,070.00","$1,170.00","$1,370.00",,,0,CRINAMEX,NISSAN,PARABRISAS
FW02392GTN,QUEST MINI VAN 04-10,,"$1,670.00","$1,770.00","$1,980.00",,,0,CRINAMEX,NISSAN,PARABRISAS
FW02878GTN,ROGUE SELECT 4PTS 08-15                                                           (VITRO),,"$1,590.00","$1,690.00","$1,900.00",,,0,CRINAMEX,NISSAN,PARABRISAS
FW00412CLN,SAMURAY 4PTS HB 81-83,,$900.00,"$1,000.00","$1,200.00",,,0,CRINAMEX,NISSAN,PARABRISAS
FW00405CLN,SAKURA 2PTS 80-83,,$900.00,"$1,000.00","$1,200.00",3,,3,CITSA,NISSAN,PARABRISAS
FW00801GBN,SENTRA I 4PTS  96-00,$593.89,"$1,060.00","$1,160.00","$1,360.00",1,,1,CRINAMEX,NISSAN,PARABRISAS
FW02179GBN,SENTRA II 4PTS 01-06                                                                       (VITRO),,"$1,080.00","$1,180.00","$1,400.00",7,,7,CRINAMEX,NISSAN,PARABRISAS
FW02729GTN,SENTRA III SEDAN 4PTS 07-12                                             (SAINT),,"$1,190.00","$1,340.00","$1,490.00",5,,5,CRINAMEX,NISSAN,PARABRISAS
FW03667GTN,SENTRA SEDAN 4PTS 13-16 (FW04404 SANGOBAY),,"$1,460.00","$1,610.00","$1,800.00",5,,5,SAINT GOBAIN,NISSAN,PARABRISAS
FW02152CLN,TSUBAME 4PTS 93-04 (03309),,"$1,120.00","$1,240.00","$1,450.00",,,0,CRINAMEX,,
FW00440GBN,TSURU I SEDAN 2/4PTS 84 87,,$870.00,$950.00,"$1,050.00",5,,5,CRINAMEX,NISSAN,PARABRISAS
FW00441GBN,TSURU I VAGONETA /NINJA SAMURAY 2/4 PTS 84-87,,$890.00,$970.00,"$1,020.00",3,,3,CRINAMEX,NISSAN,PARABRISAS
FW00528GBN,TSURU II 4/2 PTS SEDAN /WAGON 88-91,$633.37,$960.00,"$1,060.00","$1,230.00",2,,2,CRINAMEX,NISSAN,PARABRISAS
FW00663GBN,TSURU III 2/4 PTS 92-16                                                                               ,,$910.00,"$1,030.00","$1,150.00",5,,5,CITSA,NISSAN,PARABRISAS
FW02653GTY,TIIDA SEDAN/HB 4PTS 07-16,$914.54,"$1,220.00","$1,340.00","$1,500.00",,,0,CITSA,NISSAN,PARABRISAS
FW03716CLN,URVAN 99-01,,"$1,300.00","$1,400.00","$1,500.00",2,,2,CRINAMEX,NISSAN,PARABRISAS
FW03456GTN-C,URVAN CORTA 13-18 CORTA,$997.60,"$1,200.00","$1,400.00","$1,600.00",12,,12,CITSA,NISSAN,PARABRISAS
FW03456 GTN,URVAN LARGA 13-18 LARGA,,"$1,380.00","$1,580.00","$1,780.00",5,,5,CITSA,NISSAN,PARABRISAS
FW02446-GBN,URVAN 02-12,"$1,270.00","$1,165.00","$1,320.00","$1,480.00",5,,5,CITSA,NISSAN,PARABRISAS
FW03488 CLN,VERSA 08-18 (FW03480) (03496)    PRESENTAR PARA EL 17             ,,"$1,110.00","$1,260.00","$1,450.00",5,,5,CITSA,NISSAN,PARABRISAS
05160GTN,VERSA 2019-2021 2200,,"$2,300.00","$2,500.00","$2,550.00",5,,5,CITSA,NISSAN,PARABRISAS
FW02329GTN,X-TRAIL 4PTS 01-07                                                                (VITRO),,"$1,200.00","$1,300.00","$1,500.00",1,,1,CITSA,NISSAN,PARABRISAS
FW03477GTN,X-TRAIL 4PTS 08-14 S/SENSOR                                    (SANGOBAY), vit1466/saint2065 ,"$1,250.00","$1,400.00","$1,600.00",4,,4,CITSA,NISSAN,PARABRISAS
FW03898GTN,X-TRAIL 4PTS 15-17,,"$1,650.00","$1,850.00","$1,950.00",1,,1,CITSA,NISSAN,PARABRISAS
FW03898GTN,X-TRAIL 4PTS 15-18,,"$1,650.00","$1,750.00","$1,950.00",,,,CRINAMEX,NISSAN,PARABRISAS
FW00780,240SX 2 PTAS 95-98 esta en dodge,,"$1,640.00","$1,680.00","$1,880.00",1,,1,BENZON,NISSAN,PARABRISAS
FW03331GTY,AMAROK 11-12,,"$1,670.00","$1,850.00","$2,000.00",2,,.,CRIN/CITS,VOLKSWAGEN,PARABRISAS
FW02072GYN,BEETLE 98-10 2 PTS                                           (SANGOBAY),$991.80,"$1,220.00","$1,320.00","$1,450.00",,,0,CRINAMEX,VOLKSWAGEN,PARABRISAS
FW02289GYY,BEETLE 98-12 2 PTAS CON SENSOR,,,,,,,0,CRINAMEX,VOLKSWAGEN,PARABRISAS
FW03474GTY,BEETLE 12-16 (FW03505)                                (SANGOBAY) 2200,,"$1,780.00","$1,880.00","$2,100.00",2,,2,CRINAMEX,VOLKSWAGEN,PARABRISAS
FW3002GTN,BORA 06-11 (FW02977) (FW02525GTY)(FW02795),,"$1,750.00","$1,830.00","$2,050.00",,,0,CRINAMEX,VOLKSWAGEN,PARABRISAS
FW00173GBN,BOCHO 73-04                                                            (VITRO),,$400.00,$460.00,$550.00,14,,14,CITSA,VOLKSWAGEN,PARABRISAS
FW00174GBN,BOCHO 69-72 PLANO                                                          (VITRO),,$360.00,$440.00,$500.00,5,,5,CITSA,VOLKSWAGEN,
FW00435GBN,CORSAR 4 PTAS. 83-88,$706.05,$940.00,"$1,040.00","$1,150.00",4,,4,CRINAMEX,VOLKSWAGEN,
FW00006GBN,BRASILIA 74-81,,$950.00,"$1,030.00","$1,100.00",,,0,CRINAMEX,VOLKSWAGEN,PARABRISAS
FW00332GBN,caribe,,$810.00,$900.00,"$1,000.00",3,,3,CRINAMEX,VOLKSWAGEN,PARABRISAS
1800,CABRIO,,"$1,250.00","$1,400.00","$1,550.00",1,,1,CITSA,VOLKSWAGEN,PARABRISAS
FW02004GTN,CABRIO,,"$2,080.00","$2,180.00","$2,380.00",,,,CRINAMEX,,
FW00201GBN,COMBI,$550.00,$820.00,$890.00,$980.00,4,,4,CITSA,VOLKSWAGEN,PARABRISAS
FW00796GBN,DERVY 95-98 ,,"$1,020.00","$1,170.00","$1,300.00",4,,4,CITSA,VOLKSWAGEN,PARABRISAS
FW02291GTN,DERVY 99-04,,$990.00,"$1,110.00","$1,280",5,,5,CITSA,VOLKSWAGEN,PARABRISAS
FW00712GBN,EUROVAN 92-05              (SANGOBAY),,"$1,320.00","$1,470.00","$1,620.00",,,0,CRINAMEX,VOLKSWAGEN,PARABRISAS
FW01543GBN,GOLF /JETTA A2 87-92 2/4 PTS PEGADO,,"$1,300.00","$1,400.00","$1,500.00",,,0,CITSA,VOLKSWAGEN,PARABRISAS
FW00491 GBN,GOLF /JETTA A2 C/ GOMA 87-92,$660.00,$980.00,"$1,100.00","$1,250.00",5,,5,CITSA,VOLKSWAGEN,PARABRISAS
FW00728-GBN,GOLF /JETTA A3 93-98 2/4 PTS BOLA ARRIBA,,"$1,050.00","$1,200.00","$1,350.00",5,,5,CITSA,VOLKSWAGEN,PARABRISAS
FW02006GBN,GOLF /JETTA A3 93-98 2/4 PTS BOLA ABAJO                     (VITRO),,$960.00,"$1,060.00","$1,200.00",,,0,CITSA,VOLKSWAGEN,PARABRISAS
FW02115 GBN,GOLF /JETTA A4          2843           (VITRO) (2780),,"$1,150.00","$1,280.00","$1,400.00",5,,5,CITSA,VOLKSWAGEN,PARABRISAS
FW03187GTY,GOLF/GTI 10-14 2/4 PTS,,"$2,470.00","$2,570.00","$2,770.00",,,0,CRINAMEX,VOLKSWAGEN,PARABRISAS
FW03096GTN,GOL /SAVEIRO 08-18,,"$1,100.00","$1,220.00","$1,380.00",5,,5,CITSA,VOLKSWAGEN,PARABRISAS
FW03316GTY,JETTA A5 VICENTENARIO 11-15,,"$1,130.00","$1,250.00","$1,450.00",8,,8,CRINAMEX,VOLKSWAGEN,PARABRISAS
FW04876GTN,JETTA 2018-2021 4 PTS,,"$1,980.00","$2,130.00","$2,300.00",4,,4,CITSA,,
FW02480GTN,LUPO 04-10 /CROSS FOX 05-09 /(FW03278 ) SPORT VAN 07-10 S/ANTENA,,$950.00,"$1,050.00","$1,250.00",,,0,CRINAMEX,VOLKSWAGEN,PARABRISAS
FW02481GTY,LUPO 04-10 /CROSS FOX 05-09 /(FW03278 ) SPORT VAN 07-10 C/ANTENA,,"$1,180.00","$1,320.00","$1,480.00",,,0,CITSA,VOLKSWAGEN,PARABRISAS
FW02481GTY,LUPO 04-10 /CROSS FOX 05-09 /(FW03278 ) SPORT VAN 07-10 C/ANTENA,,"$1,850.00","$1,950.00","$2,150.00",,,,CRINAMEX,VOLKSWAGEN,PARABRISAS
FW00655GTY,PASSAT 4 PTAS SEDAN 90-97, BS1460/ ,   ,,,,,0,BENZON,VOLKSWAGEN,PARABRISAS
FW02248GYY,PASSAT 98-05,,"$1,750.00","$1,850.00","$2,050.00",,,0,CRINAMEX,VOLKSWAGEN,PARABRISAS
FW03259GTY,PASSAT MDX 06-11,,"$2,320.00","$2,420.00","$2,650.00",,,0,CRINAMEX,VOLKSWAGEN,PARABRISAS
FW03090GTY,PASSAT CC /4 PTS 09-13,,"$2,400.00","$2,500.00","$2,700.00",,,0,CRINAMEX,VOLKSWAGEN,PARABRISAS
FW03792GTY,PASSAT 12-16 4PTS,,"$3,200.00","$3,300.00","$3,500.00",,,0,CRINAMEX,VOLKSWAGEN,PARABRISAS
FW-02331 GBN,POINTER 2/ 4/ PTS SEDAN /WAGON 98-10 (2331) (2670),,"$1,050.00","$1,200.00","$1,350.00",5,,5,CITSA,VOLKSWAGEN,PARABRISAS
FW02498GTN,POLO 4 PTS 03-07,,"$1,400.00","$1,500.00","$1,700.00",,,0,0,VOLKSWAGEN,PARABRISAS
FW02330GTN,SHARAN /ALHAMBRA 06-10 EN TOYOTA ,,"$2,360.00","$2,460.00","$2,560.00",2,,2,CRINAMEX,VOLKSWAGEN,PARABRISAS
FW02944GTN,TIGUAN 09-16,,"$1,550.00","$1,700.00","$1,850.00",7,,7,CITSA,VOLKSWAGEN,PARABRISAS
FW02944GTY,TIGUAN 09-17,,"$1,980.00","$2,080.00","$2,300.00",,,0,CRINAMEX,VOLKSWAGEN,PARABRISAS
FW 03895-GTN,VENTO 14-18 PTS,,"$1,480.00","$1,630.00","$1,900.00",2,,2,CITSA,VOLKSWAGEN,PARABRISAS
FW04984GTN,VIRTUS 20-21 SEDAN / POLO 19-20 HATBACH ,,"$1,800.00","$1,950.00","$2,100.00",,,,,VOLKSWAGEN,PARABRISAS
DW01719GBN,CRAFTER VAN 07-11,,"$1,250.00","$1,350.00","$1,800.00",,,0,CRINAMEX,VOLKSWAGEN,PARABRISAS
FW04372GTN,CROSS UP! 17,,"$1,620.00","$1,770.00","$1,950.00",1,,1,1 USADO,VOLKSWAGEN,PARABRISAS
FW02011GTN,4 RUNNER 4 PTAS 96-02,$963.00,$970.00,"$1,070.00","$1,300.00",,,0,CRINAMEX,TOYOTA,PARABRISAS
FW02371GGN,4 RUNNER 4 PTAS 03-09 (2372),,"$1,570.00","$1,660.00","$1,750.00",2,,2,CITSA,TOYOTA,PARABRISAS
FW02371GGN,5 RUNNER 4 PTAS 03-09 (2372),,"$1,490.00","$1,590.00","$1,800.00",,,,CRINAMEX,,PARABRISAS
FW02903GTN,AVANZA 07-11,,"$1,350.00","$1,450.00","$1,550.00",3,,3,SAINT/CRINAM,TOYOTA,PARABRISAS
FWAVA16GTN,AVANZA 16,,"$1,680.00","$1,800.00","$2,000.00",4,,4,CITSA,,PARABRISAS
FW00694GBN,CAMRY 4 PTAS SEDAN Y WAGON 92-96,,$880.00,$980.00,"$1,200.00",,,0,CRINAMEX,TOYOTA,PARABRISAS
FW02018GBN,CAMRY 4 PTAS SEDAN 97-01,,$970.00,"$1,070.00","$1,280.00",,,0,CRINAMEX,TOYOTA,PARABRISAS
FW02267GBN,CAMRY 4 PTAS SEDAN 02-06,,"$1,450.00","$1,550.00","$1,750.00",,,0,CRINAMEX,TOYOTA,PARABRISAS
FW02627GTY,CAMRY 4 PTAS 07-11,,"$1,770.00","$1,860.00","$1,950.00",2,,2,CITSA,TOYOTA,PARABRISAS
FW03473GTY,CAMRY 13-16 4 PTS,,"$2,350.00","$2,440.00","$2,550.00",2,,2,CRINAMEX,TOYOTA,PARABRISAS
FW02059GBY,COROLLA 4 PTAS 98-02,,"$1,100.00","$1,200.00","$1,400.00",,,0,CRINAMEX,TOYOTA,PARABRISAS
FW02298GBY,COROLLA 4 PTAS 03-08,,$860.00,$960.00,"$1,160.00",,,0,CITSA,TOYOTA,PARABRISAS
FW03261GBN,COROLLA 4 PTAS SEDAN 09-13 (2899),,"$2,340.00","$2,440.00","$2,550.00",4,,4,  ,TOYOTA,PARABRISAS
FW02652CLN,FJ CRUISER 4 PTAS 07-13,,"$1,230.00","$1,330.00","$1,530.00",,,0,,TOYOTA,PARABRISAS
FW02693GTN,HIACE VAN PASAJERA 06-11 (FW04468 CITSA),,"$1,350.00","$1,450.00","$1,650.00",4,,4,CRINAMEX,TOYOTA,PARABRISAS
FW02693GTN,HIACE VAN PASAJERA 06-11 (FW04468 CITSA),,"$1,360.00","$1,460.00","$1,600.00",�,,#�VALOR!,CRINAMEX,TOYOTA,PARABRISAS
FW04691GBN,HIACE VAN PASAJERA 06-11 (FW04468 CITSA) CORTA,,"$1,460.00","$1,560.00","$1,700.00",,,,CRINAMEX,,PARABRISAS
FW02869GGY,HIGLANDER 4 PTAS 08-13,,"$3,500.00","$3,580.00","$3,700.00",1,,1,GUARDIAN,TOYOTA,PARABRISAS
FW02701GTN,HILUX 06-13,,"$1,440.00","$1,540.00","$1,650.00",1,,1,CITSA,TOYOTA,PARABRISAS
FW02701GTN,HILUX 06-14,,"$1,430.00","$1,530.00","$1,730.00",,,,CRINAMEX,,PARABRISAS
FW04340GBN,HILUX 2016,,"$1,520.00","$1,620.00","$1,720.00",3,,3,CITSA,,PARABRISAS
FW04340GBN,HILUX 2017,,"$1,870.00","$1,970.00","$2,170.00",,,,CRINAMEX,,PARABRISAS
FW02074GBN,LAND CRUISER 4 PTS 98-05,,,,,,,0,,TOYOTA,PARABRISAS
FW02302GBN,MATRIX 4 PTAS HB 03-05,,"$1,400.00","$1,500.00","$1,700.00",,,0,,TOYOTA,PARABRISAS
FW00274GBN,PICK UP 72-78,,,,,1,,1,CITSA,TOYOTA,PARABRISAS
FW00397GBN,PICK UP 79-83 CON GOMA, FW00397GBN ,$720.00,$820.00,$920.00,2,,2,CITSA,TOYOTA,PARABRISAS
FW00471-GBN,PICK UP/ 4RUNNER 85-88,,$980.00,"$1,130.00","$1,300.00",5,,5,CITSA,TOYOTA,PARABRISAS
FW00598GBN,PICK UP/ 4RUNNER 89-95,,$900.00,$980.00,"$1,300.00",4,,4,CRINAMEX,TOYOTA,PARABRISAS
FW02001GBN,RAV4   4/2 PTAS 96-99,,"$1,130.00","$1,230.00","$1,430.00",,,0,,TOYOTA,PARABRISAS
FW02470GTN,RAV4  4PTAS 01-05,,"$1,150.00","$1,200.00","$1,450.00",,,0,CRINAMEX,TOYOTA,PARABRISAS
FW02470GBN,RAV4  4PTAS 01-05  FW02217,,"$1,300.00","$1,400.00","$1,600.00",9,,9,CRIN/SAINT,TOYOTA,PARABRISAS
FW02625GTY,RAV4  4PTAS 06-12,,"$1,650.00","$1,750.00","$1,950.00",,,0,CRINAMEX,TOYOTA,PARABRISAS
FW03748GTN,RAV4   4PTAS 13,,"$2,280.00","$2,330.00","$2,580.00",,,0,,TOYOTA,PARABRISAS
FW02359GBN,SEQUOIA 4 PTAS 01-05,,$910.00,$960.00,"$1,210.00",,,0,,TOYOTA,PARABRISAS
FW02246GBN,SIENNA VAN 98-03,,$900.00,$950.00,"$1,200.00",,,0,,TOYOTA,PARABRISAS
FW02395GBN,SIENNA 04-10 (FW02421),,"$2,070.00","$2,170.00","$2,370.00",,,0,CRINAMEX,TOYOTA,PARABRISAS
FW03198GBY,SIENNA MINI VAN 11-16,,"$1,940.00","$2,040.00","$2,250.00",,,0,CRINAMEX,TOYOTA,PARABRISAS
FW00739GTN,T100 PICK UP 95-98,,$860.00,$960.00,"$1,160.00",,,0,CRINAMEX,TOYOTA,PARABRISAS
FW00799GBN,TACOMA PICK UP 95-97,,"$1,100.00","$1,200.00","$1,450.00",,,0,CRIN/CITS,TOYOTA,PARABRISAS
FW02443GBN,TACOMA CABINA /CAB 1/2 98-04,,"$1,250.00","$1,350.00","$1,550.00",,,0,CRINAMEX,TOYOTA,PARABRISAS
FW02500GBN,TACOMA CABINA /CAB 1/2 05-14,,"$1,180.00","$1,280.00","$1,380.00",3,,3,CRINAMEX,TOYOTA,PARABRISAS
FW00724GBN,"TOYOTA COROLLA, DX, SED., STA. WAG 93-95",,$900.00,"$1,000.00","$1,200.00",,,0,CRINAMEX,TOYOTA,PARABRISAS
FW02108GBN,TUNDRA PICK UP Y CABINA 1/2 00-05,,"$1,080.00","$1,180.00","$1,380.00",,,0,CRINAMEX,TOYOTA,PARABRISAS
FW02721GBY ,TUNDRA PICK UP Y CABINA 1/2 07-13/SEQUIOA 08-13,,"$2,490.00","$2,590.00","$2,800.00",,,0,CRINAMEX,TOYOTA,PARABRISAS
FW02614GTY,YARIS 2/4 PTAS HB 06-11,,"$1,290.00","$1,440.00","$1,600.00",,,0,CRINAMEX,TOYOTA,PARABRISAS
FW02682GBN,YARIS SEDAN 4 PTAS 07-12,,"$1,070.00","$1,170.00","$1,370.00",4,,4,CRINAMEX,TOYOTA,PARABRISAS
FW03514GTN,YARIS HB 2/4 PTAS 12-16,,"$1,740.00","$1,840.00","$2,040.00",,,0,CRINAMEX,TOYOTA,PARABRISAS
,HONDA ,,,,,,,,,,
FW00653GBN,ACCORD 2PTAS COUPE 90-93,,"$1,390.00","$1,490.00","$1,700.00",,,0,CRINAMEX,HONDA,PARABRISAS
FW00641GBN,ACCORD 4 PTAS SEDAN /WAGON 90-93,,"$1,260.00","$1,360.00","$1,560.00",,,0,CRINAMEX,HONDA,PARABRISAS
FW00772GBN,ACCORD 2 PTAS COUPE 94-97,,"$1,760.00","$1,860.00","$2,060.00",1,,1,CRINAMEX,HONDA,PARABRISAS
FW00753GBN,ACCORD 4 PTAS SEDAN/WAGON 94-97,,"$1,230.00","$1,330.00","$1,530.00",,,0,CRINAMEX,HONDA,PARABRISAS
FW02063GBN,ACCORD 2 PTAS COUPE 98-02,,"$1,320.00","$1,420.00","$1,620.00",,,0,CRINAMEX,HONDA,PARABRISAS
FW02064GBN,ACCORD 4 PTAS COUPE 98-03,,"$1,270.00","$1,420.00","$1,580.00",,,0,CRINAMEX,HONDA,PARABRISAS
FW02358GBN, ACCORD 2 PTAS COUPE 03-07,,"$1,720.00","$1,820.00","$1,920.00",3,,3,CRINAMEX,HONDA,PARABRISAS
FW02351GBN,ACCORD 4 PTAS SEDAN 03-07,,$910.00,"$1,010.00","$1,250.00",1,,1,CITSA,HONDA,PARABRISAS
FW02815GBN,ACCORD 4 PTAS SEDAN 08-12,,"$1,400.00","$1,500.00","$1,700.00",,,0,CRINAMEX,HONDA,PARABRISAS
FW03178GBN,CITY 4PTAS 10-13,,"$2,400.00","$2,500.00","$2,700.00",,,0,CRINAMEX,HONDA,PARABRISAS
FW00732GTN,CIVIC 2 PTAS COUPE 92-95,,"$1,100.00","$1,200.00","$1,400.00",,,0,CRINAMEX,HONDA,PARABRISAS
FW00703GBN,CIVIC 4 PTAS SEDAN 92-95,,"$1,370.00","$1,470.00","$1,630.00",,,0,CRINAMEX,HONDA,PARABRISAS
FW00821GTN,CIVIC 2 PTS 96-98 ,,"$1,200.00","$1,300.00","$1,400.00",5,,5,CITSA,HONDA,PARABRISAS
FW00822GTN,CIVIC 4 PTAS SEDAN 96-98,,"$1,080.00","$1,180.00","$1,380.00",,,0,CRINAMEX,HONDA,PARABRISAS
FW02111GGY,CIVIC 2 PTAS COUPE/HB 99-00,,"$1,940.00","$2,040.00","$2,250.00",,,0,CRINAMEX,HONDA,PARABRISAS
FW02112GBY,CIVIC 4PTAS SEDAN 99-00,,"$1,880.00","$1,980.00","$2,200.00",,,0,CRINAMEX,HONDA,PARABRISAS
FW02218GTN,CIVIC 2 PTAS COUPE 01-05,,"$1,490.00","$1,550.00","$1,750.00",3,,3,CITSA,HONDA,PARABRISAS
FW02218GTN,CIVIC 2 PTAS COUPE 01-06,,"$1,320.00","$1,420.00","$1,620.00",,,,CRINAMEX,HONDA,PARABRISAS
FW02184GTY,CIVIC 4 PTAS SEDAN 01-05,,"$1,050.00","$1,040.00","$1,400.00",,,0,CITSA,HONDA,PARABRISAS
FW02184GTY,CIVIC 4 PTAS SEDAN 01-05,,"$1,260.00","$1,380.00","$1,600.00",,,,CRINAMEX,HONDA,PARABRISAS
FW02583GBY,CIVIC 2 PTAS COUPE 06-11,,"$1,910.00","$2,010.00","$2,200.00",,,0,CRINAMEX,HONDA,PARABRISAS
FW02584GBY,CIVIC 4 PTAS COUPE 06-12,,"$1,300.00","$1,450.00","$1,600.00",1,,1,CRIN/CITS,HONDA,PARABRISAS
FW03403GTN,CIVIC COUPE 2 PTAS 12-15,,"$2,610.00","$2,710.00","$2,900.00",,,0,CRINAMEX,HONDA,PARABRISAS
FW03404GBN,CIVIC SEDAN 4 PTAS 12-15,,"$2,220.00","$2,320.00","$2,520.00",,,0,CRINAMEX,HONDA,PARABRISAS
FW02023,CR-V 4 PTAS 97-01,,$800.00,$900.00,"$1,100.00",,,0,CRINAMEX,HONDA,PARABRISAS
FW02294GBN,CR-V 4 PTAS 02-06,,"$1,340.00","$1,490.00","$1,640.00",5,,5,CITSA,HONDA,PARABRISAS
FW02707GBN,CR-V 4 PTAS 07-11,,"$1,420.00","$1,570.00","$1,720.00",3,,3,CRIN/CITS,HONDA,PARABRISAS
FW03521GTN,CR-V 4 PTAS UTILITI -12-16 ESPEJO ELECTROMECANICO,,"$1,880.00","$1,980.00","$2,100.00",4,,4,CRIN/CITS,HONDA,PARABRISAS
FW03521GTN,CR-V 4 PTAS UTILITI -12-16 ESPEJO ELECTROMECANICO,,"$1,780.00","$1,880.00","$2,080.00",,,,CRINAMEX,HONDA,PARABRISAS
FW02380GBN,ELEMENT 4 PTAS 00-10 CHECAR PRESENTRA ANTES,,"$1,930.00","$2,030.00","$2,130.00",2,,2,XIN,HONDA,PARABRISAS
FW02631GTN,FIT 4 PTAS HB 06-08,,"$1,330.00","$1,430.00","$1,630.00",,,0,CRINAMEX,HONDA,PARABRISAS
FW03013GTN,FIT 4 PTAS HB 09-14,,"$2,000.00","$2,100.00","$2,400.00",,,0,CRINAMEX,HONDA,PARABRISAS
FW02110GTN,ODYSSEY MINI VAN 4 PTAS 99-04 (FW02109GBN),,"$1,370.00","$1,520.00","$1,700.00",1,,1,CRINAMEX,HONDA,PARABRISAS
FW02502GBN,ODYSSEY MINI VAN 4 PTAS 05-10 (02501,,"$1,550.00","$1,650.00","$1,750.00",7,,7,CRINAMEX,HONDA,PARABRISAS
FW03282GBN,ODYSSEY MINI VAN 4 PTAS 11-16,,"$2,220.00","$2,320.00","$2,520.00",,,0,CRINAMEX,HONDA,PARABRISAS
FW00594GTN,PASSPORT 4 PTAS 94-97 ,,"$1,100.00","$1,200.00","$1,400.00",,,0,CRINAMEX,HONDA,PARABRISAS
FW02062GTN,PASSPORT 4 PTAS 98-02,,"$1,300.00","$1,400.00","$1,600.00",,,0,CRINAMEX,HONDA,PARABRISAS
FW02582GBN,PILOT 4 PTAS 06-08,,"$1,990.00","$2,090.00","$2,300.00",,,0,CRINAMEX,HONDA,PARABRISAS
FWGRANDI-10,HYNDAY GRAND I-10 2021 ESTA EN CRYSLER,,"$2,320.00","$2,480.00","$2,650.00",2,,,CITSA,HONDA,PARABRISAS
FW02925GBN,PILOT 4 PTAS 09-15,"$1,300.00","$1,460.00","$1,560.00","$1,760.00",1,,1,CRINAMEX,HONDA,PARABRISAS
,MAZDA,,,,,,,,,,
FW03558GTY,CX5 4 PTAS UTILITY (13-16),,"$1,550.00","$1,750.00","$2,100.00",5,,5,CITSA,MAZDA,PARABRISAS
FW03558GTY,CX5 4 PTAS UTILITY (13-16),,"$2,470.00","$2,570.00","$2,850.00",,,,CRINAMEX,,PARABRISAS
FW02656GTY,CX7 4 PTAS UTILITY (07-12),,"$1,850.00","$1,950.00","$2,200.00",5,,5,CITSA,MAZDA,PARABRISAS
FW02656GTY,CX7 4 PTAS UTILITY (07-12),,"$1,750.00","$1,850.00","$2,100.00",,,,CRINAMEX,,PARABRISAS
FW02753GBY,CX9 4PTAS  UTILITY 07-15,,"$2,700.00","$2,800.00","$3,050.00",,,0,CRINAMEX,MAZDA,PARABRISAS
FW03300GTY ,MAZDA 2 4 PTAS (11-14),,"$1,750.00","$1,850.00","$2,100.00",1,,1,CRINAMEX,MAZDA,PARABRISAS
FW02461GBY,MAZDA 3 4 PTAS SEDAN/HATCHBACK (04-09),,"$1,600.00","$1,800.00","$2,000.00",8,,8,CRINAMEX,MAZDA,PARABRISAS
FW03087GTY,MAZDA 3 4PTS HB/DS 10-13,,"$2,200.00","$2,300.00","$2,500.00",4,,4,SAINTGOBAIN,MAZDA,PARABRISAS
FW02149GTN,MAZDA MPV MINI VAN (00-05),,"$2,060.00","$2,160.00","$2,400.00",,,0,CRINAMEX,MAZDA,PARABRISAS
FW02596GTN,MAZDA 5 MINI VAN (06-10),,"$2,300.00","$2,400.00","$2,600.00",3,,3,CRINAMEX,MAZDA,PARABRISAS
FW02308GBN,MAZDA 6 4 PTAS SDN/ HATCHBACK/STATION WAGON 03-08   (FW-2698GBN),,"$1,760.00","$1,860.00","$2,100.00",2,,2,CRINAMEX,MAZDA,PARABRISAS
FW02981GTN,MAZDA 6 4 PTAS Sedan 2009-2011,,,,,,,0,CITSA,,PARABRISAS
FW03718GTY,MAZDA 6 4 PTAS SEDAN (14-16),,"$1,600.00","$1,700.00","$1,950.00",,,0,CRINAMEX,MAZDA,PARABRISAS
FW00501GBN,"MAZDA B2000, 2200, 2600 PICK UP 86-93",,$960.00,"$1,110.00","$1,280.00",4,,4,CITSA,MAZDA,PARABRISAS
,MITSUBSHI,,,,,,,,,,
FW00620GBN,ECLIPSE 2 PTAS COUPE/EAGLETALON/LANCE PLYMOUTH 90-94,,"$1,210.00","$1,310.00","$1,560.00",,,0,,MITSUBISHI,PARABRISAS
FW02393GBN,ENDEAVOR 4 PTAS UTILITY (04-11),,"$1,750.00","$1,850.00","$2,100.00",1,,1,CRINAMEX,MITSUBISHI,PARABRISAS
FW02541GTN,FUSO FE/GS(06-15)/STERLING TRUCKS CABOVER CAMION ,,"$2,300.00","$2,400.00","$2,650.00",,,0,CRINAMEX,MITSUBISHI,PARABRISAS
FW02091GBN,GALANT SEDAN  4 PTAS (99-03) ESTA EN HOMDA CHECAR ANTES,"$1,176.00","$1,600.00","$1,700.00","$1,800.00",4,,4,BENSON,MITSUBISHI,PARABRISAS
FW03005GTN,L200 (08-12)/MONTERO SPORT (08-14),,"$1,000.00","$1,100.00","$1,300.00",,,0,CRINAMEX,MITSUBISHI,PARABRISAS
FW02455GBN,LANCER 4 PTAS SEDAN/WAGON (02-07),,"$1,820.00","$1,920.00","$2,150.00",,,0,CRINAMEX,MITSUBISHI,PARABRISAS
FW02833GTN,LANCER 4 PTAS SEDAN(08-16)/HATCHBACK (09-13),,"$2,300.00","$2,400.00","$2,600.00",,,0,CRINAMEX,MITSUBISHI,PARABRISAS
FW02259GTN,MONTERO SPORT (98-07),,"$1,460.00","$1,560.00","$1,780.00",,,0,CRINAMEX,MITSUBISHI,PARABRISAS
FW02407GBN,MONTERO 4 PTAS UTILITY (01-13) (fw02180),,"$1,600.00","$1,700.00","$1,800.00",5,,5,CRIN/CITS,MITSUBISHI,PARABRISAS
FW02407GBN,MONTERO 4 PTAS UTILITY (01-13) (fw02180),,"$2,000.00","$2,100.00","$2,350.00",,,,CRINAMEX,MITSUBISHI,PARABRISAS
FW02499GBN,OUTLANDER 4 PTAS UTILITY (03-06),,"$2,190.00","$2,290.00","$2,500.00",,,0,CITSA,MITSUBISHI,PARABRISAS
FW02750GBN,OUTLADER 4 PTAS ULTILITY(07-13),,"$1,650.00","$1,750.00","$1,980.00",,,0,CRINAMEX,MITSUBISHI,PARABRISAS
FW03394GBN,OUTLADER SPORT (11-15)/ASX(13-14),,"$1,940.00","$2,040.00","$2,250.00",,,0,CRINAMEX,MITSUBISHI,PARABRISAS
FW00383GBN,PICK UP(79-86)/RAM D 50(79-86) CHECAR ANTES DE PONERLO,,"$1,430.00","$1,530.00","$1,730.00",1,,1,KRISOL,MITSUBISHI,PARABRISAS
FW00548GBN,PICK UP(87-96)/RAM D 50(87-89),,"$1,000.00","$1,100.00","$1,200.00",1,,,CITSA,MITSUBISHI,PARABRISAS
,PEUGEOT ,,,,,,,,,,
FW02234GTY,PEUGEOT 206 HATCHBACK 2/4 PTAS (01-11)/COMPACT 2/4 PTAS HATCHBACK(10-11)  ,,"$2,080.00","$2,180.00","$2,430.00",,,0,CRINAMEX,PEUGEOT,PARABRISAS
FW02128GTN,PEUGEOT 306 SEDAN 4 PTAS (92-03),,"$1,150.00","$1,250.00","$1,450.00",,,0,CRINAMEX,PEUGEOT,PARABRISAS
FW02687GTY,PEUGEOT 307 HATCHBACK 4/2 PTAS (06-09),,"$1,600.00","$1,700.00","$2,000.00",,,0,CRINAMEX,PEUGEOT,PARABRISAS
FW02509GBY,PEUGEOT 407 SEDAN 4 PTAS (05-09),,"$3,100.00","$3,200.00","$3,450.00",,,0,CRINAMEX,PEUGEOT,PARABRISAS
FW02715GTN,GRAN RAID MMINI VAN (07-11)/PARTNER MINI VAN(06-11),,"$1,580.00","$1,680.00","$1,930.00",,,0,CRINAMEX,PEUGEOT,PARABRISAS
,RENAULT,,,,,,,,,,
FW00950,ALLIANCE 2/4 PTAS SD/HB 83-87,,1000,1100,1300,,,0,CRINAMEX,RENAULT,PARABRISAS
FW03335GTN,FLUENCE 4 PTAS SEDAN (11-14),,"$1,750.00","$1,850.00","$2,100.00",,,0,CRINAMEX,RENAULT,PARABRISAS
FW02104GBN,MEGANE 4 PTAS SEDAN (99-09),,"$2,360.00","$2,460.00","$2,700.00",,,0,CRINAMEX,RENAULT,PARABRISAS
FW02952GBN,REANULT TRAFIC MINI VAN (08-13),,"$2,530.00","$2,630.00","$2,880.00",,,0,CRINAMEX,RENAULT,PARABRISAS
FW00350GBN,RENAULT 05 2 PTAS HATCHBACK(76-84) CHECAR ANTES ,,"$1,050.00","$1,150.00","$1,250.00",6,,6,CITSA,RENAULT,PARABRISAS
FW00350GBN,RENAULT 05 2 PTAS HATCHBACK(76-84),,"$1,500.00","$1,600.00","$1,700.00",,,,CRINAMEX,RENAULT,PARABRISAS
FW00252CLN,RENAULT 12 4 PTAS WAGONETA  CHECAR ANTES,,"$1,480.00","$1,560.00","$1,640.00",7,,7,CITSA,RENAULT,PARABRISAS
FW00428CLN,RENAULT 18 SEDAN 4 PTAS /WAGONETA 4 PTAS (81-86),,"$1,360.00","$1,440.00","$1,520.00",7,,7,CITSA,RENAULT,PARABRISAS
FW00428CLN,RENAULT 18 SEDAN 4 PTAS /WAGONETA 4 PTAS (81-86),,"$2,000.00","$2,100.00","$2,200.00",,,,CRINAMEX,RENAULT,PARABRISAS
FW03345GBN,RENAULT SCALA 4 PTAS (10-12),,"$2,200.00","$2,300.00","$2,500.00",,,0,CRINAMEX,RENAULT,PARABRISAS
FW03238GTN,SANDERO Y STEPWAY 4 PTAS HBACK(10-15)/DUSTER 4 PTAS UTILITY 13,,"$1,220.00","$1,320.00","$1,550.00",,,0,VITRO,RENAULT,PARABRISAS
FW02714GBN,RENAULT KANGOO CARGO 04 / 05         FW04220,$823.60,"$1,450.00","$1,600.00","$1,750.00",3,,3,,RENAULT,PARABRISAS
FW02103GTN,SCENIC 4 PTAS SEDAN(99-04)/HATCHBACK 4 PTAS (06-09),,"$2,110.00","$2,210.00","$2,450.00",,,0,CRINAMEX,RENAULT,PARABRISAS
,SEAT,,,,,,,,,,
FW02708GTY,"CORDOBA SEDAN 4 PTAS  06-07, IBIZA2/4 PTAS HB 07-08   (FW02709)",,"$1,180.00","$1,240.00","$1,480.00",,,0,,SEAT,PARABRISAS
FW02291GTN,CORDOBA SEDAN 4 PTAS /IBIZA 2/4 PTAS HATCHBACK (01-04),,$700.00,$750.00,"$1,000.00",,,0,,SEAT,PARABRISAS
FW03120GTN,IBIZA SEDAN 4 PTAS 12-17,,"$1,450.00","$1,550.00","$1,650.00",3,,3,CITSA,SEAT,PARABRISAS
FW04014GTY,IBIZA SEDAN 4 PTAS (04-  ),,"$1,310.00","$1,460.00","$1,660.00",6,,6,CITSA,SEAT,PARABRISAS
FW05053GTN,IBIZA SEDAN 4 PTAS (2018-2020),,"$2,120.00","$2,220.00","$2,320.00",2,,2,CITSA,,
FW02916GTN,SEAT LEON 4 PTAS HATCHBACK(07-11),,"$1,790.00","$1,840.00","$2,090.00",,,0,,SEAT,PARABRISAS
FW02292GTY,TOLEDO 4 PTAS SEDAN (01-04)/LEON 4 PTAS HATCHBACK(01-06),,"$1,380.00","$1,480.00","$1,580.00",4,,4,CITSA,SEAT,PARABRISAS
,FIAT,,,,,,,,,,
FW03889GBY,UNO HB 13-15 EN TOYOTA,"$1,450.00","$1,600.00","$1,750.00","$2,000.00",8,,8,SAINT-GOBAIN,FIAT,PARABRISAS
,VOLVO,,,,,,,,,,
FW03092GTN,VOLVO XC60 10-16 ESTA MAZDA ,,,,,1,,1,VITRO,VOLVO,PARABRISAS
,AMERICAN       MOTORS,,,,,,,,,,
DW00950GBN,"ALLIANCE (CONVER 2 PTAS 85-87, HB 2/4 PTAS 87, SEDAN 2/4 PTAS 83-87) ENCORE HB 2/4 PTAS 84-86 ",,,,,,,0,,AMERICAN,PARABRISAS
,MINI,,,,,,,,,,
FW02841GTY,COOPER 2 PTAS HB-CB 07-15,,"$2,900.00","$3,300.00","$3,600.00",1,,1,SAINT GOBAIN,MINI,PARABRISAS
,MERCEDES BENZ,,,,,,,,,,
FW02177GBN,A160 HB 4 PTAS 00-08 / B200 HB 4 PTAS 06-11 ESTA EN FORD ,,"$2,900.00","$3,300.00","$3,600.00",1,,1,BENSON,MERCEDES BENS,PARABRISAS
,TRACTOCAMIONES,,,,,,,,,,
DW01139GTN,KENWORTH C500 03 91-06 VA CON GOMA,,"$1,000.00","$1,200.00","$1,500.00",3,,3,CITSA,TRACTOCAMION,PARABRISAS
DW01655,KENWORTH C500 T600 T660 T700 T800 W900 ESTA EN VOSVAGEN,,,,"$1,600.00",1,,,,,
DW00534GBN,DINA 600,,"$1,140.00","$1,220.00","$1,400.00",,,0,CRINAMEX,TRACTOCAMION,PARABRISAS
DW01494,FREIGHTLINER 07-12,"$2,140.00","$2,500.00",,,,,0,,TRACTOCAMION,PARABRISAS
DW02120GTY,PROMASTER CARGO VAN (14-16) ,"$1,500.00","$1,800.00","$2,100.00","$2,800.00",12,,12,SAINT GOBAINT,TRACTOCAMION,PARABRISAS
DW01615GBN,"NAVISTAR CITY STAR, CF500, CF600 (07-12); FORD LCF (10)",,,"$2,700.00",,3,,3,GAURDIAN,TRACTOCAMION,PARABRISAS
FW02924GBN,"ISUZU ELF 400,500,600 (09-11); KENWORTH NPR, NPR HD, NQR, NRR (08-11); CHEVROLET W3500,W4500,W5500 (07-10)","$1,528.00","$1,750.00","$2,000.00",,2,,2,CRINAMEX,TRACTOCAMION,PARABRISAS
DW01383GTN,NAVISTAR 5000i 9000i (00); 5000i (06-11); PAY STAR (07-09),"$2,170.00","$2,500.00","$2,800.00",,1,,1,GUARDIAN,TRACTOCAMION,PARABRISAS
DW01710GTN,"NAVISTAR 5000 I 00-13,9100,9200,9400,9900 i 9900 ix 06-16 PAY STAR 07-16 CABINA CONVENCIONAL",,"$2,600.00","$3,000.00","$3,500.00",1,,1,GUARDIAN,,
DW01685GTY,,"$1,845.00","$2,900.00","$3,300.00","$3,800.00",3,,3,CRINAMEX,,
DW01308GTN,"VOLVO TRACTOR VHD,VN SERIES 05-14/VT SERIES 06-16 CONVENCIONAL","$1,235.00",,,,2,,2,VITRO,,
WA03298GBN,MERCEDES BENZ H.P.N 91-95,,,,,2,,2,,,
FQ26059GTYXYG,,,,,,1,,1,,,
FQ26060GTYXYG,,,,,,3,,3,,,
FQ27101GTYXYG,,,,,,3,,3,,,
FQ27102GTYXYG,,,,,,3,,3,,,
DW01000GTN,FREIGHTLINER MERCEDES CONVENCIONAL CAB 1999 / 2005,$858.00,"$1,250.00","$1,400.00","$1,550.00",,,0,,,
FW02920GTN,CABSTAR CAMION 07-11,,"$1,550.00","$1,700.00","$2,100.00",0,,0,SAINT  GOBAIN,NISSAN,PARABRISAS
WL00143GBN,"FAMSA 2000 58 X 1,80  52,5 plano",$603.20,"$1,000.00","$1,200.00","$1,400.00",8,,8,CITSA,TRACTOCAMIONES,PARABRISAS
WL00144GBN,"DINA 2000 58 X 1,80 54,5 plano",$613.64,"$1,000.00","$1,200.00","$1,400.00",10,,10,,TRACTOCAMIONES,PARABRISAS
,HOJAS,,,,,,,,,,
,"5,00 CL 0,36 x 1,8 MRM",,,,,,,0,CITSA,HOJAS,PARABRISAS
,"5,00 CL 0,46 x 1,8 MRM",,$680.00,$700.00,,1,,1,CITSA,HOJAS,PARABRISAS
,"5,00 CL 0,56 x 1,8 MRM",,$740.00,,,,,0,CITSA,HOJAS,PARABRISAS
AL01166CLN,"5,00 CL  0.60*1.80 MRM 600*1800",,$740.00,$860.00,$980.00,13,,13,CITSA,,PARABRISAS
,"5,00 CL 0,66 x 1,8 MRM",,$740.00,$850.00,,,,0,CITSA,HOJAS,PARABRISAS
,"5,00 CL 0,76 x 1,8 MRM",,$880.00,$920.00,,,,0,CITSA,HOJAS,PARABRISAS
,"5,00 CL 0,86 x 1,8 MRM",,$960.00,"$1,000.00",,,,0,CITSA,HOJAS,PARABRISAS
,"5,00 CL 0,96 x 1,8 MRM",,$590.00,$650.00,,,,0,CITSA,HOJAS,PARABRISAS
,"5,00 CL  0.1.00*1.80 MRM",,"$1,100.00","$1,250.00",,5,,5,CITSA,,PARABRISAS
,"5,00 CL 1,20 x 1,8 MRM",,$750.00,$850.00,,,,0,CITSA,HOJAS,PARABRISAS
,"6,00 TX 1,20 x 2,4 MRM",,"$1,000.00","$1,300.00",,,,0,CRINAMEX,HOJAS,PARABRISAS
,SUZUKI,,,,,,,,,,
FW02768CLN,SUZUKI SWIFT 4PTS. HB 07-09 TOYOT MAZDA,"$1,226.91","$1,700.00","$1,900.00","$2,200.00",2,,2,  CITSA,SUZUKI,PARABRISAS
FW03059GTN,SUZUKI CX4,,,"$1,800.00",,3,,,,,
,AUTOBUSES,,,,,,,,,,
WA00477GBN,Pbs. MidiBus CasaVan CVS 91 Pegado o con Canuela Der.,"$1,258.58",,,,2,,2,CITSA,AUTOBUS,PARABRISAS
WA05162GBN,Pbs. Eurocar Super Bus BR 96 / 00 Izq.  ,"$1,338.20","$1,900.00","$1,950.00","$2,450.00",8,,8,CITSA,AUTOBUS,PARABRISAS
WA05163GBN,Pbs. Eurocar Super Bus BR 96 / 00 Der.,"$1,338.20","$1,900.00","$1,950.00","$2,450.00",3,,3,CITSA,AUTOBUS,PARABRISAS
WA05564GBN,Pbs. Ayco Magno 930 92 / 2010 Izq.,"$1,350.24","$1,900.00","$2,400.00",,,,0,CITSA,AUTOBUS,PARABRISAS
WA05564GTN,Pbs. Ayco Magno 930 92 / 2010 Der.,"$1,350.24","$1,900.00","$2,400.00",,,,0,CITSA,AUTOBUS,PARABRISAS
WA05565GTN,Pbs. Mercedes Benzs Derecho,,,,,3,,3,CITSA,AUTOBUS,PARABRISAS
WA05565GTN,Pbs. Mercedes Benzs Izquierdo,,,,,3,,3,CITSA,AUTOBUS,PARABRISAS
WA05601GTN,Pbs. Supra Catosa Esquinas Redondas 2000 Der.,"$1,816.08","$2,550.00",,,,,0,CITSA,AUTOBUS,PARABRISAS
WA05602GTN,Pbs. Supra Catosa Esquinas Redondas 2000 Izq.,"$1,816.08","$2,550.00",,,,,0,CITSA,AUTOBUS,PARABRISAS
WA05612GBN,Pbs. Eurocar Super Bus Hermes 2000  00 / 03 Izq.,"$1,756.37","$2,400.00","$2,850.00","$3,800.00",4,,4,CITSA,AUTOBUS,PARABRISAS
WA05613GBN,Pbs. Eurocar Super Bus Hermes 2000  00 / 03 Der.,"$1,756.37","$2,400.00","$2,850.00","$3,800.00",2,,2,CITSA,AUTOBUS,PARABRISAS
WA05639CLN,Pbs. Reco Semichato RTP Pegado 01 / 03 Der.             ,"$1,451.75","$1,910.00","$2,410.00",,,,0,CITSA,AUTOBUS,PARABRISAS
WA05640CLN,Pbs. Reco Semichato RTP Pegado 01 / 03 Izq.,"$1,451.75","$1,910.00","$2,410.00",,1,,1,CITSA,AUTOBUS,PARABRISAS
WA05681GTN,Pbs. Supra Catosa 2002 OPERBUS COSMOS Y CONTEMPORANEO Der.                 ,"$1,816.08","$2,600.00","$3,100.00","$4,200.00",3,,3,CITSA,AUTOBUS,PARABRISAS
WA05682GTN,Pbs. Supra Catosa 2002 OPERBUS COSMOS Y CONTEMPORANEO Izq.,"$1,816.08","$2,600.00","$3,100.00","$4,200.00",4,,4,CITSA,AUTOBUS,PARABRISAS
WA05800CLN,Pbs. Marco Polo Boxer 2002 Izq.    ,"$1,062.24","$1,800.00","$2,300.00","$3,100.00",,,0,CITSA,AUTOBUS,PARABRISAS
WA05801CLN, Pbs MARCO Polo Boxer 2002 der ,"$1,062.24","$1,800.00","$2,300.00","$3,100.00",1,,1,CITSA,AUTOBUS,PARABRISAS
WA05818GBN,Pbs. Vanetesa Midi Bus P-42 Der.,"$1,863.89","$2,150.00","$2,400.00","$2,900.00",,,0,CITSA,AUTOBUS,PARABRISAS
WA05819GBN,Pbs. Vanetesa Midi Bus P-42 Izq.,"$1,863.89","$2,150.00","$2,400.00","$2,900.00",1,,1,CITSA,AUTOBUS,PARABRISAS
WA05861GTN,Pbs. Eurocar Super Bus Hermes 2006 Izq..,"$2,007.30","$2,500.00","$2,800.00","$2,900.00",3,,3,CITSA,AUTOBUS,PARABRISAS
WA05862GTN,Pbs. Eurocar Super Bus Hermes 2006 Der.,"$2,007.30","$2,500.00","$2,800.00","$2,900.00",,,0,CITSA,AUTOBUS,PARABRISAS
WA05876CLN,Pbs. Ayco Zafiro 2007 / 2010 Der.,"$1,696.65","$2,250.00","$2,700.00","$2,900.00",,,0,CITSA,AUTOBUS,PARABRISAS
WA05877CLN,Pbs. Ayco Zafiro 2007 / 2010 Izq.,"$1,696.65","$2,250.00","$2,700.00","$2,900.00",,,0,CITSA,AUTOBUS,PARABRISAS
WA05896GBN,Pbs. San Marino Volkswagen Centauro 2007 Der.,$894.36,"$1,150.00","$1,400.00","$1,800.00",3,,3,CITSA,AUTOBUS,PARABRISAS
WA05995GTN,Pbs Marco Polo Boxer izq,,"$2,100.00","$2,700.00","$3,500.00",1,,1,,,
,,,"$2,370.00","$2,870.00",,,,,,,
,,,,,,,,,,,
,,,"$2,120.00","$2,620.00",,,,,,,
WA05685GTN,PBS RECO DERECHO,,"$2,950.00","$3,500.00","$4,500.00",2,,,,,
WA08032GTN,,,,,,1,,,,,
WA08031GTN,,,,,,1,,,,,
WA05823GTN,LETRERO,,"$1,240.00","$1,640.00",,1,,,,,
WA06191GTN,OBS MOTO TAXI BAJAJ,,"$1,200.00","$1,400.00","$1,600.00",2,,,,,
WA06210GTN,PBS MOTO ATUL ,,"$1,200.00","$1,400.00","$1,600.00",2,,,,,
WA06215GTN,PBS TORINO TOWN Y PACK,,"$1,200.00","$1,400.00","$1,600.00",2,,,,,
WA06220GTN,PBS TORINO MOTO COUNTRY,,"$1,200.00","$1,400.00","$1,600.00",2,,,,,
,TRACTOCAMIONES ,,,,,,,,,,
DW00534GBN,INTERNATIONAL HARVESTER DINA CAM. 57-86 ,$673.96,$800.00,$900.00,"$1,200.00",0,,0,CITSA,TRACTOCAMIONES,PARABRISAS
DW00919GTN,CAMION NAVIESTAR CABINA ALTA 80-96      ,$633.36,$850.00,"$1,050.00","$1,450.00",2,,2,CITSA,TRACTOCAMIONES,PARABRISAS
DW00920GTN,CAMION NAVIESTAR CABINA ALTA 80-96      ,$633.36,$850.00,"$1,050.00","$1,450.00",2,,2,CITSA,TRACTOCAMIONES,PARABRISAS
DW01000GTN,FREIGHTLINER MERCEDES CONVENCIONAL CAB 1999 / 2005,$858.00,"$1,000.00","$1,050.00","$1,350.00",,,0,CITSA,TRACTOCAMIONES,PARABRISAS
DW01139GBN,KENWORTH CAB. CONV. 90-96 C-500 C-800 T-400,$482.00,$650.00,$800.00,"$1,100.00",,,0,,TRACTOCAMIONES,PARABRISAS
DW01163GTN,"KENWORTH C500, C800,T170,T270, T300, T400, T450, T600, T800 W900 Conv. Cab Der. 97 / 06 CURVO  MITAD",$332.00,$500.00,$600.00,$950.00,2,,2,CITSA,TRACTOCAMIONES,PARABRISAS
DW01164GTN,"KENWORTH C500, C800,T170,T270, T300, T400, T450, T600, T800 W900 Conv. Cab Izq. 97 / 06 CURVO MITAD",$332.00,$500.00,$600.00,$950.00,2,,2,CITSA,TRACTOCAMIONES,PARABRISAS
DW01731GTN,FRIGHTLINER CASCADIA DER. CAB. CONV. 2008-2008,$791.12,"$1,000.00","$1,200.00","$1,800.00",1,,1,CITSA,TRACTOCAMIONES,PARABRISAS
DW01732GTN,FRIGHTLINER CASCADIA IZQ. CAB. CONV. 2008-2009,$791.12,"$1,000.00","$1,200.00","$1,800.00",0,,0,CITSA,TRACTOCAMIONES,PARABRISAS
DW01302GTN,FREIGHTLINER CENTURY CLASS. 96/UP DER SIM,$678.60,$850.00,"$1,000.00","$1,800.00",3,,3,CITSA,TRACTOCAMIONES,PARABRISAS
DW01303GTN,FREIGHTLINER CENTURY CLASS. 96/UP IZQ. SIM,$678.60,$850.00,"$1,000.00","$1,800.00",3,,3,CITSA,TRACTOCAMIONES,PARABRISAS
DW01615GBN,"CAMION FORD LCF CAB FORWARD 06-10, NAVISTAR CITY STAR, CF500, CF600 (07-12)","$1,105.00","$1,500.00","$1,700.00","$2,200.00",7,,7,CITSA,TRACTOCAMIONES,PARABRISAS
WL00137GBN,KENWORTH T-800 54 X 78 plano MITAD,$188.00,$400.00,$550.00,$800.00,4,,4,CITSA,TRACTOCAMIONES,PARABRISAS
WL00141GBN,PARABRISAS DINA 800 861 (NAVISTAR),$245.00,,,,1,,1,CITSA,TRACTOCAMIONES,PARABRISAS
WL00142GBN,DINA 3000 plano,$506.00,"$1,000.00","$1,100.00","$1,300.00",,,0,CITSA,TRACTOCAMIONES,PARABRISAS
WL00143GBN,"FAMSA 2000 58 X 1,80  52,5 plano",$603.20,"$1,100.00","$1,200.00","$1,400.00",9,,9,CITSA,TRACTOCAMIONES,PARABRISAS
WL00144GBN,"DINA 2000 58 X 1,80 54,5 plano",$613.64,"$1,100.00","$1,200.00","$1,400.00",10,,10,,TRACTOCAMIONES,PARABRISAS
,DINA 2000  ,,,,"$3,500.00",1,,1,,,
WL00162GBN,FREIGHTLINER TROMPUDO NACIONAL 52 X 90 plano MITAD,$209.00,$600.00,$750.00,$850.00,,,0,,TRACTOCAMIONES,PARABRISAS
FW03119 GBN,PARABRISAS CAMION ISUZU ELF 300 CABOVER 2009-2010,"$1,134.47","$1,400.00","$1,650.00","$2,100.00",2,,2,CITSA,TRACTOCAMIONES,PARABRISAS
