CODIGO,NOMBRE,DESCRIPCION,COMPRA,MAYOREO,LLEVAR,COLOCADO,EXISTENCIAS,CANT_MIN,TIPO_MED,PROVEEDOR,CATEGORIA,MARCA1,MODELO1,ANIO1,MARCA2,MODELO2,ANIO2,MARCA3,MODELO3,ANIO3,MARCA4,MODELO4,ANIO4,MARCA5,MODELO5,ANIO5
017-2316-34,MANIJA INTERIOR,4P DELANTERA/TRASERA IZQUIERDA NEGRO PLASTICO,80,100,120,220,10,0,PZA,RADEC,MANIJAS,SUZUKI,VITARA,89-98,SUZUKI,SIDEKICK, 89-98,CHEVROLET,GEO TRACKER, 89-98,CHEVROLET,SEDAN, 89-98,CHEVROLET,TRACKER,89-98
DW00971GBN,PARABRISAS,970,,"$1,200.00","$1,400.00","$1,600.00",2,0,PZA,CRINAMEX,PARABRISAS,CHEVROLET,ASTRO,98-05,CHEVROLET,ZAFARI,98-05,,,,,,,,,
DW01443GTN,PARABRISAS,SD/HB 2 Y 4 PTAS,,"$1,090.00","$1,240.00","$1,390.00",5,0,ZA,CRINAMEX,PARABRISAS,CHEVROLET,ASTRA,2001-2006,,,,,,,,,,,,
DW01695GBN,PARABRISAS,,,"$1,170.00","$1,240.00","$1,450.00",,0,PZA,CRINAMEX,PARABRISAS,CHEVROLET,AVEO SEDAN,2006-2012,CHEVROLET,AVEO SEDAN HATCHBACK,,,,,,,,,,
DW02076GBN,PARABRISAS,4PTS,,"$1,350.00","$1,450.00","$1,550.00",5,0,PZA,CITSA,PARABRISAS,CHEvrOLET,AVEO SEDAN,2006-2012,CHEVROLET,AVEO SEDAN HATCHBACK,dic-17,,,,,,,,,
DW02477GTN,PARABRISAS,4 PTS,,"$1,720.00","$1,870.00","$2,100.00",4,0,PZA,CITSA,PARABRISAS,CHEVROLET,AVEO,2019-2020,CHEVROLET,SEDAN,,,,,,,,,,
DW01402GBY,PARABRISAS,4PTS,,"$2,670.00","$2,720.00","$2,970.00",,0,PZA,CITSA,PARABRISAS,CHEVROLET,AZTEK,2001-2006,,,,,,,,,,,,
DW01712GTN,PARABRISAS,4 PUERTAS,,"$1,400.00","$1,550.00","$1,700.00",3,0,PZA,,PARABRISAS,CHEVROLET,ACADIA,2007-2011,,,,,,,,,,,,
DW01761GTN,PARABRISAS,4PTS,,"$1,550.00","$1,700.00","$1,850.00",5,0,PZA,CITSA,paraBRISAS,CHEVROLET,CAPTIVA SPOR,2008-2016,,,,,,,,,,,,
DWCAPGTN,PARABRISAS,4 PTS,,"$2,100.00","$2,200.00","$2,500.00",1,0,PZA,,,,CAPTIVA,2021-2022,SEDAN,2021-2022,,,,,,,,,,
DW01074 GBN,PARABRISAS,2PTS,vfvt,$900.00,"$1,000.00","$1,100.00",7,0,PZA,CRINAMEX,PARABRISAS,CHEVROLET,CAVALIER,90-94,,,,,,,,,,,,
FW001021    ,PARABRISAS,4PTS,,"$1,250.00","$1,350.00","$1,450.00",4,0,PZA,CRIN/XIN,PARABRISAS,CHEVROLET,CAVALIER,90-94,,,,,,,,,,,,
DW01269 GBY,PARABRISAS,2 PTS,,"$1,800.00","$1,900.00","$2,100.00",1,0,PZA,CRIN/XIN,PARABRISAS,CHEVROLET,CAVALIER,95-00,CHEVROLET,SUNFIRE,95-00,,,,,,,,,
DW01270GBN,PARABRISAS,4PTS,,"$1,900.00","$2,000.00","$2,200.00",2,0,PZA,CRINAMEX,PARABRISAS,CHEVROLET,CAVALIER,95-00,CHEVROLET,SUNFIRE,95-00,,,,,,,,,
DW01192 GTY,PARABRISAS,2PTS,,"$1,950.00","$2,000.00","$2,250.00",5,0,PZA,CRINAMEX,PARABRISAS,CHEVROLET,CAVALIER,95-00,CHEVROLET,SUNFIRE,,,,,,,,,,
DW00842GBN,PARABRISAS,2 PTAS. C/ANTENA  DW00843,$585.00,"$1,200.00","$1,400.00","$1,600.00",3,0,PZA,CITSA,PARABRISAS,CHEVROLET,CHEVY NOVA,75-78,,,,,,,,,,,,
DW00844GBN,PARABRISAS,4 PTAS. C/ANTENA  DW00845,,"$1,200.00","$1,400.00","$1,600.00",3,0,PZA,CITSA,PARABRISAS,CHEVROLET,CHEVY NOVA,75-78,,,,,,,,,,,,
FW00779 GBN,PARABRISAS,CHEVY SWIN/JOY/MONZA/WAGON 2/4 PTAS 94-08,$560.00,$910.00,"$1,030.00","$1,150.00",5,0,PZA,CITSA,PARABRISAS,CHEVROLET,,94-08,,,,,,,,,,,,
FW00779CLN,PARABRISAS,CHEVY SWIN/JOY/MONZA/WAGON 2/4 PTAS 94-08,,$560.00,$620.00,$900.00,,0,PZA,CRINAMEX,PARABRISAS,CHEVROLET,,94-08,,,,,,,,,,,,
DW00975GTN,PARABRISAS,CHEVY NOVA 4PTAS HB 85-88,,$850.00,$930.00,"$1,180.00",,0,PZA,CRINAMEX,PARABRISAS,CHEVROLET,,85-88,,,,,,,,,,,,
DW00763GBN,PARABRISAS,CHEVROLET VAN 70-75 (CON GOMA) DW00852,$632.00,"$1,130.00","$1,210.00","$1,550.00",,0,PZA,CRINAMEX,PARABRISAS,CHEVROLET,,70-75,,,,,,,,,,,,
DW00898GBN,PARABRISAS,CITATION I/II 2/4 PTAS 84-89,,$910.00,$960.00,"$1,200.00",,0,PZA,CRINAMEX,PARABRISAS,CHEVROLET,,84-89,,,,,,,,,,,,
DW00871GBN,PARABRISAS,CAPRICE C/ANTENA77-81,$658.00,"$1,000.00","$1,100.00","$1,200.00",1,0,PZA,CITSA,PARABRISAS,CHEVROLET,,77-81,,,,,,,,,,,,
DW01533GBY,PARABRISAS,COLORADO 4 Pts 04-12,,"$1,300.00","$1,380.00",      ,,0,PZA,CRINAMEX,PARABRISAS,CHEVROLET,,2004-2012,,,,,,,,,,,,
,PARABRISAS,COLORADO ESQUINAS SUPERIORES REDONDAS,,,,,1,0,PZA,KRISOLMEX,PARABRISAS,CHEVROLET,,,,,,,,,,,,,,
DW01502GBN,PARABRISAS,SOMBREADO,$700.00,"$1,050.00","$1,170.00","$1,320.00",1,0,PZA,CRINAMEX,PARABRISAS,CHEVROLET,CORSA,02-ago,CHEVROLET,TORNADO,06-nov,CHEVROLET,CORSA HATCHBACK,,,,,,,
DW01834GBN,,CRUZE SEDAN /LIMITED 4 PTAS 10-16,,"$1,700.00","$1,780.00","$2,030.00",,0,,CRINAMEX,PARABRISAS,CHEVROLET,,2010-2016,,,,,,,,,,,,
DW01005GBN ,,CUTLAS 4 PTS SD/WAGON/ 82-89,,"$1,000.00","$1,100.00","$1,200.00",4,0,,CRINAMEX,PARABRISAS,CHEVROLET,,82-89,,,,,,,,,,,,
DW00790CLN,,DINA CAMION PICK UP Y DOBLE CABINA 69-75,,"$1,170.00","$1,250.00","$1,450.00",,0,,CRINAMEX,PARABRISAS,CHEVROLET,,69-75,,,,,,,,,,,,
DW01265GBN,,EXPRESS VAN 96-11,$877.00,"$1,580.00","$1,730.00","$1,930.00",4,0,,CITSA,PARABRISAS,CHEVROLET,,96-11,,,,,,,,,,,,
DW01583GBN,,EQUINOX 05-09 4 PTS,,"$1,500.00","$1,600.00","$1,700.00",4,0,,CITSA,PARABRISAS,CHEVROLET,,2005-09,,,,,,,,,,,,
DW00853GBN,,G-SERIES VAN 70-80 (CON GOMA),,"$1,150.00","$1,250.00","$1,400.00",,,,,PARABRISAS,CHEVROLET,,70-80,,,,,,,,,,,,
DW00925GTN,,G-SERIE VAN 81-89 (PEGADO),,$920.00,"$1,020.00","$1,250.00",,,,,PARABRISAS,CHEVROLET,,81-89,,,,,,,,,,,,
DW01288GBN,,GRAND PRIX 2 PTAS 97-02,,"$1,550.00","$1,650.00","$1,900.00",,,,,PARABRISAS,CHEVROLET,,97-02,,,,,,,,,,,,
DW01330GBN,,GRAND AM 2/4 PTS 99-05,,"$1,450.00","$1,550.00","$1,800.00",,,,,PARABRISAS,CHEVROLET,,99-05,,,,,,,,,,,,
FW00422GTN,,PICK-UP 81-87 LUV 81-87 ES CON GOMA,,"$1,000.00","$1,100.00","$1,200.00",3,,,CITSA,PARABRISAS,CHEVROLET,,"81-87, 81-87",,,,,,,,,,,,
DW01024GBN,,"FIREBIRD, TRANS AM, CAMARO 87-92",$721.00,"$1,400.00","$1,500.00","$1,600.00",5,,,CITSA,PARABRISAS,CHEVROLET,,87-92,,,,,,,,,,,,
DW01024GBN,,"FIREBIRD, TRANS AM, CAMARO 87-93",,"$1,300.00","$1,400.00","$1,500.00",,,,CRINAMEX,PARABRISAS,CHEVROLET,,87-93,,,,,,,,,,,,
DW01061GBN,,"LUMINA SILHUOETTE, TRANS SPORT 90-96","$1,029.00","$1,900.00","$2,100.00","$2,300.00",3,,,CITSA,PARABRISAS,CHEVROLET,,90-96,,,,,,,,,,,,
DW01637GBY,,HHR 4 PTAS HB 06-11,,"$2,000.00","$2,100.00","$2,300.00",8,,,CRINAMEX,PARABRISAS,CHEVROLET,,2006-2011,,,,,,,,,,,,
DW01486GTY,,HUMMER H2 4 PTAS03-10,,"$2,230.00","$2,330.00","$2,600.00",,,,CRINAMEX,PARABRISAS,CHEVROLET,,2003-2010,,,,,,,,,,,,
DW01626GBY,,HUMMER H3 06-10,,"$1,940.00","$2,040.00","$2,300.00",,,,CRINAMEX,PARABRISAS,CHEVROLET,,2006-2010,,,,,,,,,,,,
DW01377GBY,,IMPALAS 4 PTAS SEDAN 00-05,,"$1,910.00","$2,010.00","$2,250.00",,,,CRINAMEX,PARABRISAS,CHEVROLET,,00-05,,,,,,,,,,,,
DW01640GTY,,IMPALA 4 PUERTAS 08,"$1,739.00","$2,100.00","$2,200.00","$2,450.00",,,,CRINAMEX,PARABRISAS,CHEVROLET,,,,,,,,,,,,,,
FW02062GBN,,ISUZU RODEO/ AMIGO 4 PTAS 98-05,,"$1,300.00","$1,400.00","$1,650.00",,,,CRINAMEX,PARABRISAS,CHEVROLET,,98-05,,,,,,,,,,,,
FW02241GTN,,"JAGUAR VANDEN PLAS, XJ8L, XJ8, XJR 4 PTS 98-03",,,,,1,,,CRINAMEX,PARABRISAS,CHEVROLET,,98-03,,,,,,,,,,,,
FW00594GTN,,LUV PICK  UP /DOBLE CABINA 94-06 (ISUZU RODEO 2/4 PTAS 88-97),,$990.00,"$1,130.00","$1,250.00",5,,,CRINAMEX,PARABRISAS,CHEVROLET,,"94-06, 88-97",,,,,,,,,,,,
DW01699GBN,,MATIZ HB 4 PTAS 04-05,,"$1,570.00","$1,670.00","$1,920.00",,,,CRINAMEX,PARABRISAS,CHEVROLET,,45416,,,,,,,,,,,,
DW01671GBN,,MATIZ  HB 4 PTAS 06-15,,"$1,250.00","$1,350.00","$1,450.00",3,,,CRINAMEX,PARABRISAS,CHEVROLET,,42156,,,,,,,,,,,,
DW00887GBN,,MALIBU 79-82 2 PTS (DW00935),$732.00,"$1,100.00","$1,200.00","$1,300.00",2,,,CITSA,PARABRISAS,CHEVROLET,,79-82,,,,,,,,,,,,
DW00889GBN ,,MALIBU/CENTURY 2/4 PTAS 78-80,,"$1,200.00","$1,300.00","$1,500.00",7,,,CITSA,PARABRISAS,CHEVROLET,,78-80,,,,,,,,,,,,
DW01386GBN,,MALIBU 4 PTAS 97-03 (DW01299),,"$1,230.00","$1,310.00","$1,550.00",,,,CRINAMEX,PARABRISAS,CHEVROLET,,97-03,,,,,,,,,,,,
DW01531GTY,,MALIBU 4 PTAS SEDAN/HB 04-07,,"$1,120.00","$1,220.00","$1,420.00",,,,CRINAMEX,PARABRISAS,CHEVROLET,,45477,,,,,,,,,,,,
DW01672GTY,,MALIBU /AURA SEDAN 4 PTAS 08-11,,"$2,650.00","$2,750.00","$2,850.00",7,,,CRINAMEX,PARABRISAS,CHEVROLET,,45604,,,,,,,,,,,,
FW02430GBN,,MERIVA SEDAN 4 PTAS 03-08,,"$1,170.00","$1,320.00","$1,480.00",,,,,PARABRISAS,CHEVROLET,,45507,,,,,,,,,,,,
DW01563GBN,,OPTRA SEDAN 4 PTAS 04-10  (DW01608GTN) ESTA EN NISSAN S/N ETIQUETA CHECAR ANTES PRESENTAR,,"$1,110.00","$1,190.00","$1,350.00",,,,CRINAMEX,PARABRISAS,CHEVROLET,,45569,,,,,,,,,,,,
DW01605GTY ,,PONTIAC G4 2 PTAS COUPE 06/ G5 2 PTAS COUPE 07-10,,"$1,550.00","$1,650.00","$1,750.00",5,,,CRINAMEX,PARABRISAS,CHEVROLET,,45572,,,,,,,,,,,,
DW01606GTY,,PONTIAC G5 07-10 SEDAN 4 PUERTAS COBALT 06-11 4PTS,$900.00,"$2,100.00","$2,200.00","$2,300.00",8,,,CRINAMEX,PARABRISAS,CHEVROLET,,"07-10, 06-11",,,,,,,,,,,,
DW01629GTY,,G6 2 PTS CONVERTIBLE 06-09,"$1,350.00","$1,600.00","$1,850.00","$1,950.00",6,,,SAINT GOBAINT,PARABRISAS,CHEVROLET,,45541,,,,,,,,,,,,
DW00904GBN,,"GMC, SKYLARK, LIMITED, SPORT 80-85      SENTATION",$754.00,"$1,550.00","$1,650.00","$1,850.00",1,,,CITSA,PARABRISAS,CHEVROLET,,80-85,,,,,,,,,,,,
DW01885GBN,,SPARK 10-15,$817.80,"$1,350.00","$1,470.00","$1,590.00",3,,,CRINAMEX,PARABRISAS,CHEVROLET,,42278,,,,,,,,,,,,
DW02286GTN,,SPARK 16-18,"$1,647.20","$1,300.00","$1,400.00","$1,500.00",9,,,CITSA,PARABRISAS,CHEVROLET,,16-18,,,,,,,,,,,,
DW00943GBN,,S-10/BLAZER/SONOMA 4/2 PTAS 82-94                                                                                      ,$560.07,"$1,060.00","$1,180.00","$1,330.00",4,,,CRINAMEX,PARABRISAS,CHEVROLET,,82-94,,,,,,,,,,,,
DW01168-GBN,,S-10/BLAZER/SONOMA 4/2 PTAS 95-04,$715.35,"$1,290.00","$1,450.00","$1,600.00",5,,,CITSA,PARABRISAS,CHEVROLET,,95-04,,,,,,,,,,,,
DW00685GBN,,SILVERADO/PICK UP 67-72 SOMBREADO,$616.91,"$1,000.00","$1,100.00","$1,200.00",8,,,CRINAMEX,PARABRISAS,CHEVROLET,,67-72,,,,,,,,,,,,
DW00814GBN,,CHEVROLET PICK-UP/SUBUR 73-91 MAXI/AMERICANA CON ANTENA ,$635.00,"$1,150.00","$1,230.00","$1,300.00",,,,CRINAMEX,PARABRISAS,CHEVROLET,,73-91,,,,,,,,,,,,
DW00816GBN,,CHEVROLET PICK-UP/SUBUR 73-91 MAXI/AME SIN ANTENA ,$635.00,$940.00,"$1,040.00","$1,150.00",5,,,CITSA,PARABRISAS,CHEVROLET,,73-91,,,,,,,,,,,,
DW01026GBN,,CHEVROLET PICK-UP/SUBUR 88-98 DW01217),$810.00,"$1,260.00","$1,360.00","$1,460.00",,,,CRINAMEX,PARABRISAS,CHEVROLET,,88-98,,,,,,,,,,,,
DW01341GBY,,SILVERADO/SIERRA/SUBURBAN/ESCALADE/ 4 PTAS 99-06,,"$1,210.00","$1,330.00","$1,500.00",6,,,CRINAMEX,PARABRISAS,CHEVROLET,,99-06,,,,,,,,,,,,
DW01658-GBN,,SILVERADO/CHEYENE/AVALANCHE/SUBURBAN/ESACALADE 07-14 ,,"$1,450.00","$1,650.00","$1,900.00",5,,,CITSA,PARABRISAS,CHEVROLET,,41821,,,,,,,,,,,,
DW02041GTY,,"SILVERADO/CHEYENE/SUBURBAN/SILVERADO SERIE C350,K350,C150,C250 14-16",,"$1,400.00","$1,500.00","$1,650.00",,,,,PARABRISAS,CHEVROLET,,14-16,,,,,,,,,,,,
DW02198GTN,,SUBURBAN PICK UP/ SILVERADO 15-17 (MISMO 07-14) 1659,,"$2,700.00","$2,900.00","$3,100.00",3,,,ORIGINAL,PARABRISAS,CHEVROLET,,"15-17, 07-14",,,,,,,,,,,,
DW00653GBN,,SUBURBAN PICK UP 64-66,,$900.00,"$1,050.00","$1,500.00",,,,CITSA,PARABRISAS,CHEVROLET,,64-66,,,,,,,,,,,,
DW00653GBN,,SUBURBAN PICK UP 64-66,,"$1,300.00","$1,400.00","$1,500.00",,,,CRINAMEX,PARABRISAS,CHEVROLET,,64-66,,,,,,,,,,,,
DW01918GTN,,TORNADO 13-15  MINI P-UP,,"$1,600.00","$1,700.00","$1,800.00",8,,,CRINAMEX,PARABRISAS,CHEVROLET,,13-15,,,,,,,,,,,,
DW01448GBY,,TRAIL BLAZER/ENVOY/ASCEENDER 02-09 SOMBREADO FW01447,,"$1,400.00","$1,500.00","$1,600.00",6,,,CITSA,PARABRISAS,CHEVROLET,,45537,,,,,,,,,,,,
FW00615BTN ,,TRACKER 2/4 PTAS 89-98,$965.00,"$1,350.00","$1,450.00","$1,550.00",5,,,CRINAMEX,PARABRISAS,CHEVROLET,,89-98,,,,,,,,,,,,
FW02105GBN,,TRACKER/VITARA 2/4 PTAS 99-08,,"$1,100.00","$1,200.00","$1,300.00",1,,,CRINAMEX,PARABRISAS,CHEVROLET,,99-08,,,,,,,,,,,,
DW01934GBN,,SONIC 4 PTAS HB 12-18,,"$1,420.00","$1,570.00","$1,720.00",5,,,CITSA,PARABRISAS,CHEVROLET,,43435,,,,,,,,,,,,
FW02003GTY,,TRAX 4 PTAS 13-16,,"$1,400.00","$1,550.00","$1,700.00",5,,,CITSA,PARABRISAS,CHEVROLET,,13-16,,,,,,,,,,,,
DW01454GBN,,VENTURE /MONTANA /TRANS SPORT VAN 97-05 (LE KEDA 01574)     (PRECIO 1$1620),,"$1,600.00","$1,700.00","$1,900.00",,,,CRINAMEX,PARABRISAS,CHEVROLET,,97-05,,,,,,,,,,,,
DW01574GBN,,"UPLANDER/MONTANA SV6 06-09                                              (PRECIO 1,$1376)",,"$1,530.00","$1,630.00","$1,850.00",,,,,PARABRISAS,CHEVROLET,,45541,,,,,,,,,,,,
DW01598GBN,,VECTRA 4 PTAS SEDAN 02-08,,"$1,300.00","$1,400.00","$1,500.00",5,,,CITSA,PARABRISAS,CHEVROLET,,45506,,,,,,,,,,,,
DW01598GBN,,VECTRA 4 PTAS SEDAN 02-08 USADO,,"$1,150.00","$1,250.00","$1,350.00",,,,USADO,,,,45506,,,,,,,,,,,,
DW01501GBN,,ZAFIRA MINI VAN 02-05,,"$1,400.00","$1,500.00","$1,600.00",2,,,,PARABRISAS,CHEVROLET,,45414,,,,,,,,,,,,
DW01549GBY,,CADILLAC ESCALED 05,,"$1,100.00","$1,200.00","$1,400.00",,,,,PARABRISAS,CHEVROLET,,,,,,,,,,,,,,
DW01155GBN,,CAMARO 93-99 ,,"$2,000.00","$2,100.00","$2,350.00",,,,CRINAMEX,PARABRISAS,CHEVROLET,,93-99,,,,,,,,,,,,
,,CHRYSLER,,,,,,,,,PARABRISAS,,,,,,,,,,,,,,,
DW01442CLN,,ATOS 4PTS 01-11,,"$1,070.00","$1,170.00","$1,320.00",4,,,CRINAMEX,PARABRISAS,CHRYSLER,,45597,,,,,,,,,,,,
DW01571GBN,,300 4 PTAS. SEDAN 2005 / 2009  DODGE CHARGER 4 PTAS. 2006 / 2009 CHECAR,"$1,170.00","$1,620.00","$1,770.00","$1,950.00",2,,,CRINAMEX,PARABRISAS,CHRYSLER,,,,,,,,,,,,,,
FW02716GBN,,ATITUDE 4PTS /ACCET 2/4 HB Y SEDAN 06-11 FW02632GTN,,"$1,200.00","$1,400.00","$1,500.00",1,,,CITSA,PARABRISAS,CHRYSLER,,45602,,,,,,,,,,,,
FW02716GBN,,ATITUDE 4PTS /ACCET 2/4 HB Y SEDAN 06-11 FW02632GTN,,"$1,560.00","$1,660.00","$1,900.00",,,,CRINAMEX,PARABRISAS,CHRYSLER,,45602,,,,,,,,,,,,
FW03482GBN,,ATITUDE 4PTS /ACCET 2/4 HB Y SEDAN 12-14 ,,"$1,960.00","$2,060.00","$2,160.00",2,,,CRINAMEX,PARABRISAS,CHRYSLER,,41974,,,,,,,,,,,,
DW01853GTN,,AVENGER/CIRRUS/200 4PTS 07-14 (DW01683),,"$2,060.00","$2,160.00","$2,400.00",,,,GUARDIAN,PARABRISAS,CHRYSLER,,41821,,,,,,,,,,,,
DW01643GBN,,CALIBER 4PTS 07-12 SIN ETIQUETA,,"$1,500.00","$1,600.00","$1,800.00",1,,,CRINAMEX,PARABRISAS,CHRYSLER,,45633,,,,,,,,,,,,
DW01118GBN,,CARAVAN/VOYAGER 87-95 (DW00963 CITSA),,"$1,230.00","$1,330.00","$1,530.00",,,,CRINAMEX,PARABRISAS,CHRYSLER,,87-95,,,,,,,,,,,,
DW01226GBN,,CARAVAN/VOYAGER C/A 96- 00 / 01-07 /,,"$1,420.00","$1,500.00","$1,700.00",,,,CRINAMEX,PARABRISAS,CHRYSLER,,45474,,,,,,,,,,,,
DW01224GTN,,CARAVAN/VOYAGER S/A 96-00 / 01-07 /,,"$1,480.00","$1,600.00","$1,800.00",6,,,CRINAMEX,PARABRISAS,CHRYSLER,,"96-00, 01-07",,,,,,,,,,,,
DW01708GTN,,GRAND CARAVAN/TAW&CONTRY/ ROUTAN 08-12,,"$2,110.00","$2,210.00","$2,450.00",,,,CRINAMEX,PARABRISAS,CHRYSLER,,45634,,,,,,,,,,,,
DW01660GTY,,CHARGER/300/MAGNUN 4PTS 06-10           1780,,"$2,750.00","$2,850.00","$3,050.00",,,,,PARABRISAS,CHRYSLER,,45571,,,,,,,,,,,,
DW00952GBN,,CHEROKEE  84-99 (DW01140)COMANCHE ,,$920.00,"$1,070.00","$1,300.00",3,,,CRINAMEX,PARABRISAS,CHRYSLER,,84-99,,,,,,,,,,,,
DW01700GTN,,COMMANDER 4PTS 06-11,,"$1,280.00","$1,380.00","$1,580.00",,,,,PARABRISAS,CHRYSLER,,45602,,,,,,,,,,,,
DW01662GBN,,COMPASS 4PTS 07-16,,"$1,500.00","$1,650.00","$1,800.00",3,,,CITSA,PARABRISAS,CHRYSLER,,42552,,,,,,,,,,,,
DW00973GBN,,DART KA /PLYMOUNT 2/4 PTS 81-88 DW00923,,"$1,070.00","$1,210.00","$1,350.00",,,,CITSA,PARABRISAS,CHRYSLER,,81-88,,,,,,,,,,,,
DW00691GBN,,DART 4 PTS MOD. 76,,"$1,020.00","$1,170.00","$1,350.00",6,,,CITSA,PARABRISAS,CHRYSLER,,,,,,,,,,,,,,
DW00690GBN,,DART 2 PTAS HARD TOP 67-76,$502.00,"$1,220.00","$1,370.00","$1,550.00",4,,,CRINAMEX,PARABRISAS,CHRYSLER,,67-76,,,,,,,,,,,,
DW02016GTY,,DART 4 PTS SEDAN 13-14,,"$2,860.00","$2,910.00","$3,180.00",,,,,PARABRISAS,CHRYSLER,,13-14,,,,,,,,,,,,
DW00999GBN,,DAKOTA PICKUP 90-97 2 PTS,,"$1,100.00","$1,230.00","$1,360.00",5,,,CITSA,PARABRISAS,CHRYSLER,,90-97,,,,,,,,,,,,
DW01472GBN,,DAKOTA /DURANGO 97-04 (DW01295)                           VITRO,,"$1,010.00","$1,080.00","$1,380.00",,,,CITSA,PARABRISAS,CHRYSLER,,97-04,,,,,,,,,,,,
DW01590GBN,,DAKOTA /RAIDER CABINA 1/2 YDOBLE CABINA 05-11,,"$1,470.00","$1,620.00","$1,780.00",4,,,CITSA,PARABRISAS,CHRYSLER,,45601,,,,,,,,,,,,
DW01043GBN,,"DYNASTY 4 PTS 88-93 / FIFTH AVENUE, IMPERIAL 4 PTS 90-93",,"$1,300.00","$1,400.00","$1,500.00",4,,,CRINAMEX,PARABRISAS,CHRYSLER,,"88-93, 90-93",,,,,,,,,,,,
DW01555GBN,,DURANGO/ASPEN  05-09,,"$1,540.00","$1,690.00","$1,840.00",9,,,CRINAMEX,PARABRISAS,CHRYSLER,,45540,,,,,,,,,,,,
DW00914GBN,,DODGE PICK UP/DOBLERODADA/RAM CHARGER/VOLTEO 73-93 (DW00796)               VITRO,$619.45,$950.00,"$1,050.00","$1,150.00",6,,,CRINAMEX,PARABRISAS,CHRYSLER,,73-93,,,,,,,,,,,,
DW00760GBN,,DODGE VAN  3PTS 70-79,,"$1,020.00","$1,070.00","$1,400.00",,,,,PARABRISAS,CHRYSLER,,70-79,,,,,,,,,,,,
DW00964GBN,,DODGE VAN 89-93 CON GOMA (27.0X72.0),,$720.00,$780.00,"$1,200.00",,,,CRINAMEX,PARABRISAS,CHRYSLER,,89-93,,,,,,,,,,,,
DW01167GTN,,DODGE VAN 94-03 PEGADO (24.5x73.0),,"$1,290.00","$1,450.00","$1,650.00",3,,,CITSA,PARABRISAS,CHRYSLER,,94-03,,,,,,,,,,,,
DW01142GBN,,GRAN CHEROKEE 4PTS 93-98,,"$1,150.00","$1,290.00","$1,450.00",7,,,CITSA,PARABRISAS,CHRYSLER,,93-98,,,,,,,,,,,,
DW01346-GBN,,GRAN CHEROKEE 4PTS 99-04,,"$1,270.00","$1,420.00","$1,600.00",5,,,CITSA,PARABRISAS,CHRYSLER,,99-04,,,,,,,,,,,,
DW01591GTN,,GRAND CHEROKEE 05-10,"$1,210.00","$1,350.00","$1,450.00","$1,650.00",,,,,PARABRISAS,CHRYSLER,,45570,,,,,,,,,,,,
DW01839GTY,,GRAND CHEROKEE /DURANGO 11-13,,"$1,430.00","$1,480.00","$1,760.00",,,,,PARABRISAS,CHRYSLER,,41579,,,,,,,,,,,,
FW02813GBN,,H100 2PTS /CARGO VAN 06-10,,"$1,400.00","$1,530.00","$1,650.00",4,,,CITSA,PARABRISAS,CHRYSLER,,45571,,,,,,,,,,,,
DW04045GBN,,H100 03 / 06 H1000 FW02678 C/GOMA (CLAVE NAGS FW02678),$775.41,"$1,020.00",$117.00,"$1,350.00",4,,,CITSA,PARABRISAS,CHRYSLER,,,,,,,,,,,,,,
FW03484GGN ,,I-10 4PTS 12-14,,"$1,600.00","$1,750.00","$1,950.00",,,,SAINT GOBAINT,PARABRISAS,CHRYSLER,,41974,,,,,,,,,,,,
DW01141GTN,,  ,,$490.00,$550.00,$900.00,,,,CRINAMEX,PARABRISAS,CHRYSLER,,,,,,,,,,,,,,
DW01321GTN,,JEEP WRANGLER 97-,,$510.00,$570.00,$950.00,,,,,PARABRISAS,CHRYSLER,,,,,,,,,,,,,,
DW01668GTN,,JEEP WRANGLER 07-16,,$570.00,$620.00,$920.00,,,,,PARABRISAS,CHRYSLER,,42552,,,,,,,,,,,,
DW00831GBN,,GRAN WAGONNER 89-91 4 PTS (DW00643) ESTA EN CHEVROLET,,"$1,100.00","$1,100.00","$1,300.00",3,,,,PARABRISAS,CHRYSLER,,89-91,,,,,,,,,,,,
DW01759GTN,,JOURNEY 4PTS 09-13 14-18 MISMO PARABRISAS,,"$1,470.00","$1,620.00","$1,850.00",,,,,PARABRISAS,CHRYSLER,,"09-13, 14-18",,,,,,,,,,,,
DW01678GTN,,LIBERTY 4PTS 02-07 (SERIE ALTABLERO) CHECAR,,"$1,120.00","$1,270.00","$1,450.00",4,,,CRINAMEX,PARABRISAS,CHRYSLER,,45475,,,,,,,,,,,,
DW01511GBN,,LIBERTY 4PTS 02-07 (SERIE AL POSTE) DW01419,,"$1,210.00","$1,290.00","$1,460.00",2,,,CRINAMEX,PARABRISAS,CHRYSLER,,45475,,,,,,,,,,,,
DW01511GBN,,LIBERTY 4PTS 02-07 (SERIE AL POSTE) DW01420,,"$1,020.00","$1,170.00","$1,350.00",,,,,,,,45475,,,,,,,,,,,,
DW01723GBN,,LIBERTY 4PTS 08-11 (SERIE AL TABLERO),,"$1,280.00","$1,430.00","$1,580.00",2,,,CITSA,PARABRISAS,CHRYSLER,,45604,,,,,,,,,,,,
DW01179GBN,,NEON 2/4PTS 95-99,,"$1,200.00","$1,350.00","$1,500.00",2,,,CRINAMEX,PARABRISAS,CHRYSLER,,95-99,,,,,,,,,,,,
DW01468GBN,,NEON 2/4PTS 00-05 01349,,"$1,200.00","$1,320.00","$1,500.00",1,,,CRINAMEX,PARABRISAS,CHRYSLER,,00-05,,,,,,,,,,,,
DW01670GBN,,NITRO 4PTS 07-11,,"$1,320.00","$1,470.00","$1,620.00",5,,,CRINAMEX,PARABRISAS,CHRYSLER,,45603,,,,,,,,,,,,
DW01526GBN,,PACIFICA 04-08 4 PTAS,,"$2,090.00","$2,140.00","$2,700.00",5,,,CITSA,PARABRISAS,CHRYSLER,,45508,,,,,,,,,,,,
DW01526GBN,,PACIFICA 04-08 4 PTAS,,"$1,570.00","$1,720.00","$1,880.00",,,,,,,,45508,,,,,,,,,,,,
DW01682GTN,,PATRIOT 4PTS 07-17,,"$1,320.00","$1,480.00","$1,650.00",3,,,CRINAMEX,PARABRISAS,CHRYSLER,,42917,,,,,,,,,,,,
DW00605GBN,,PICK UP /CAMION /VOLTEO  61-71,,$980.00,"$1,150.00","$1,300.00",4,,,CITSA,PARABRISAS,CHRYSLER,,61-71,,,,,,,,,,,,
DW01176GBN,,PICK UP RAM 250/350/150 94-02 (SERIE ANCHO),,"$1,380.00","$1,530.00","$1,680.00",,,,crinamex,PARABRISAS,CHRYSLER,,94-02,,,,,,,,,,,,
DW01473GTN,,PICK UP RAM 250/350/150 94-02 (SERIE ANGOSTO)(DW01381),,"$1,370.00","$1,520.00","$1,700.00",,,,CRINAMEX,PARABRISAS,CHRYSLER,,94-02,,,,,,,,,,,,
DW01512GBN,,PICK UP RAM 150/250/350/450/550 CABINA 1/2 Y DOBLE CABINA 03-08 (DW01456),,"$1,440.00","$1,590.00","$1,740.00",,,,CITSA,PARABRISAS,CHRYSLER,,45507,,,,,,,,,,,,
DW01456GBN,,PICK UP RAM 150/250/350/450/550 CABINA 1/2 Y DOBLE CABINA 03-08 ,,"$1,440.00","$1,590.00","$1,740.00",5,,,CRINAMEX,PARABRISAS,CHRYSLER,,45507,,,,,,,,,,,,
DW01553GTN,,PT CRUISER HB/CONBERTIBLE 2/4PTS 01-08  (DW01390GBY),,"$1,780.00","$1,900.00","$2,050.00",,,,CRINAMEX,PARABRISAS,CHRYSLER,,45505,,,,,,,,,,,,
DW01028GBN,,PHANTOM 87-94 CHRYSLER                  CHECAR ANTES NO TIENE ETIQUETA,$707.00,"$1,200.00","$1,350.00","$1,500.00",2,,,CITSA,PARABRISAS,CHRYSLER,,87-94,,,,,,,,,,,,
DW00998GBN,,"SHADOW, SUDANCE 2/4 PTAS 87-94 (03205)",,"$1,020.00","$1,170.00","$1,320.00",5,,,CITSA,PARABRISAS,CHRYSLER,,87-94,,,,,,,,,,,,
DW01057GBN,,SPIRIT 2 Y 4 PTS 89-95 ,$660.00,$560.00,$640.00,"$1,250.00",,,,,PARABRISAS,CHRYSLER,,89-95,,,,,,,,,,,,
DW01488GGN,,"SPRINTER VAN 118WB 06, 140WB 06, 158WB 03-06 ESTA EN FORD 1","$1,550.00","$2,200.00","$2,500.00","$2,800.00",2,,,CRINAMEX,PARABRISAS,CHRYSLER,,45446,,,,,,,,,,,,
DW01719GYN,,SPRINTER 170-140  VAN  07-15/CRAFTER VAN,"$2,685.00","$1,980.00","$2,030.00","$2,500.00",1,,,CITSA,PARABRISAS,CHRYSLER,,"170-140, 07-15",,,,,,,,,,,,
DW01198GBN,,STRATUS /SEBRING /CIRRUS /4PTS 01-06 (DW01467)1853,,"$1,380.00","$1,530.00","$1,680.00",1,,,CITSA,PARABRISAS,CHRYSLER,,45444,,,,,,,,,,,,
DW01413GBN,,STRATUS /SEBRING /CIRRUS /4PTS 01-06 (DW01467)1853,,$980.00,"$1,000.00","$1,250.00",,,,CRINAMEX,PARABRISAS,CHRYSLER,,45444,,,,,,,,,,,,
DW00859GBN,,"VALIANT,DART,LEB. 4 PTAS. Y GUAYIN 77-78 volare 2 pt",$617.00,"$1,080.00","$1,230.00","$1,400.00",4,,,CITSA,PARABRISAS,CHRYSLER,,77-78,,,,,,,,,,,,
FW02162GBN,,VERNA 2/4 PTS SEDAN 03-06,,"$1,200.00","$1,300.00","$1,400.00",2,,,CRINAMEX,PARABRISAS,CHRYSLER,,45446,,,,,,,,,,,,
FW02162GBN,,VERNA 2/4 PTS SEDAN 03-06 USADO ,,$900.00,"$1,000.00","$1,100.00",,,,USADO,,,,45446,,,,,,,,,,,,
DW00858GBN,,VOLARE 2PTS ,,"$1,050.00","$1,200.00","$1,350.00",4,,,CITSA,PARABRISAS,CHRYSLER,,,,,,,,,,,,,,
DW00859GBN,,VOLARE 4PTS DARK ,,"$1,080.00","$1,230.00","$1,400.00",7,,,CITSA,PARABRISAS,CHRYSLER,,,,,,,,,,,,,,
DW01094GBN,,AEROSTAR CARGO/MINI VAN 90-98,,"$1,500.00","$1,650.00","$1,850.00",2,,,CRINAMEX,PARABRISAS,FORD,,90-98,,,,,,,,,,,,
DW01187GBY,,CONTOUR/MISTIQUE 4 PTAS 95-99         (DW01264),,"$1,260.00","$1,380.00","$1,500.00",1,,,CRINAMEX,PARABRISAS,FORD,,95-99,,,,,,,,,,,,
FW00246,,COURIER 72-82,,"$1,410.00","$1,510.00","$1,600.00",,,,CRINAMEX,PARABRISAS,FORD,,72-82,,,,,,,,,,,,
DW00603CLN,,ECONOLINE VAN /PICK UP 2 PTAS 61-67,,"$1,730.00","$1,830.00","$2,030.00",,,,CRINAMEX,PARABRISAS,FORD,,61-67,,,,,,,,,,,,
DW00837CLN,,ECONOLINE MINIVAN 75-92,,$910.00,"$1,010.00","$1,250.00",,,,CRINAMEX,PARABRISAS,FORD,,75-92,,,,,,,,,,,,
DW01292GBY,,ECONOLINE MINI VAN 92-14 (DW01175)                                                (VITRO),,"$1,350.00","$1,450.00","$1,700.00",,,,CRINAMEX,PARABRISAS,FORD,,92-14,,,,,,,,,,,,
DW01552-GBN,,ECOSPORT 4 PTAS 03-13,,"$1,190.00","$1,340.00","$1,490.00",5,,,CITSA,PARABRISAS,FORD,,41334,,,,,,,,,,,,
DW02005GTM,,ECOSPORT 16-19 4 PTAS DW02420,,"$1,710.00","$1,910.00","$2,100.00",1,,,CRINAMEX,PARABRISAS,FORD,,16-19,,,,,,,,,,,,
DW01653GTY,,EDGE ESPORT/LIMITED 4 PTAS 07-11/LINCON MKX 07-11 4 PTAS ,,"$1,660.00","$1,760.00","$1,980.00",1,,,CITSA,PARABRISAS,FORD,,"07-11, 07-11",,,,,,,,,,,,
DW01397GTY,,ESCAPE / TRIBUTE 4 PTS  01-07 (1579),,"$1,200.00","$1,350.00","$1,480.00",5,,,CRINAMEX,PARABRISAS,FORD,,45474,,,,,,,,,,,,
DW01086GBN,,ESCORT 2 y 4 pts hb 1991-1996,,"$1,330.00","$1,480.00","$1,630.00",6,,,CRINAMEX,PARABRISAS,FORD,,1991-1996,,,,,,,,,,,,
DW01283GBY,,ESCORT SEDAN 2/4 PTAS 97-02,,"$1,070.00","$1,190.00","$1,320.00",,,,CITSA,PARABRISAS,FORD,,97-02,,,,,,,,,,,,
DW01374GBY,,EXCURSION 2000-2005 4 PTAS,,"$1,500.00","$1,600.00","$1,850.00",,,,CRINAMEX,PARABRISAS,FORD,,2000-2005,,,,,,,,,,,,
DW01863GTY,,Expedition EL 4 pts  2007-2011,,"$2,600.00","$2,700.00","$2,950.00",,,,CRINAMEX,PARABRISAS,FORD,,2007-2011,,,,,,,,,,,,
DW01087GBY,,EXPLORER/ESPORT TRAC 2 PTAS 91-94 (LE KDA EL 1206 ),,$940.00,$960.00,"$1,400.00",,,,CRINAMEX,PARABRISAS,FORD,,91-94,,,,,,,,,,,,
DW01206GBY,,EXPLORER/ESPORT TRAC 2 PTAS 95-01 (= AL 1087),,"$1,070.00","$1,240.00","$1,350.00",,,,CRINAMEX,PARABRISAS,FORD,,95-01,,,,,,,,,,,,
DW01474GBY,,EXPLORER/ESPRT TRAC /AVIATOR/MOUNTANIER/4PTAS 02-10(FW01417),,"$1,750.00","$1,900.00","$2,050.00",1,,,CITSA,PARABRISAS,FORD,,45567,,,,,,,,,,,,
DW01474GBY,,EXPLORER/ESPRT TRAC /AVIATOR/MOUNTANIER/4PTAS 02-10(FW01417),,"$1,230.00","$1,330.00","$1,650.00",,,,CITSA,,,,45567,,,,,,,,,,,,
DW01938GBY,,EXPLORER 11-16 4 PTAS (FW01938),,"$1,210.00","$1,310.00","$2,550.00",,,,CRINAMEX,PARABRISAS,FORD,,42675,,,,,,,,,,,,
DW00584GBN,,FALCOM 60-65,$616.02,$920.00,"$1,020.00","$1,220.00",3,,,CITSA,PARABRISAS,FORD,,60-65,,,,,,,,,,,,
DW0884GBN,,FAIRMON SEDAN / WAGON 2/4PTAS 78-83,,"$1,200.00","$1,300.00","$1,500.00",,,,CRINAMEX,PARABRISAS,FORD,,78-83,,,,,,,,,,,,
FW02131GBN,,FIESTA 98-02 2/4 PTAS /COURIER/ IKON 01-07 2 PTAS (FW02236),,$990.00,"$1,120.00","$1,280.00",4,,,CRINAMEX,PARABRISAS,FORD,,"98-02, 01-07",,,,,,,,,,,,
FW02401 GBN,,FIESTA FIRS 4 PTAS SEDAN 03-10                                                                  ,,"$1,240.00","$1,390.00","$1,550.00",5,,,CITSA,PARABRISAS,FORD,,45568,,,,,,,,,,,,
DW01837GTN,,FIESTA HB 4 PTAS 11-16,,"$1,730.00","$1,830.00","$2,100.00",6,,,CRINAMEX,PARABRISAS,FORD,,42675,,,,,,,,,,,,
DW02289GTN,,FIGO 12-17,,"$1,450.00","$1,650.00","$1,900.00",,,,CITSA,PARABRISAS,FORD,,43070,,,,,,,,,,,,
DW01345GBY,,FOCUS 2/4 PTAS 00-05 DW01459,,"$1,100.00","$1,200.00","$1,400.00",,,,CRINAMEX,PARABRISAS,FORD,,00-05,,,,,,,,,,,,
DW01766GTY,,FOCUS SEDAN 2/4 PTAS 06-11,,"$2,560.00","$2,660.00","$2,900.00",,,,CRINAMEX,PARABRISAS,FORD,,45602,,,,,,,,,,,,
DW02002GTN,,FOCUS HATBACK Y SD 2012-2018 4 PTS,,"$1,900.00",,,4,,,CITSA,,,,2012-2018,,,,,,,,,,,,
DW01876GTY,,FOCUS 12 SD/HB 2/4 PTAS (DW01875),,"$2,330.00","$2,430.00","$2,700.00",,,,CRINAMEX,PARABRISAS,FORD,,,,,,,,,,,,,,
DW00602GBN,,PICK UP 61-66,,"$1,000.00","$1,150.00","$1,300.00",4,,,CITSA,PARABRISAS,FORD,,61-66,,,,,,,,,,,,
DW00602GBN,,PICK UP 61-67,,"$1,360.00","$1,460.00","$1,560.00",,,,CRINAMEX,PARABRISAS,FORD,,61-67,,,,,,,,,,,,
DW00819GBN,,PICK UP /DOBLE RODADA /BOLTEO/67-79 (DW00687),$610.77,$870.00,$970.00,"$1,100.00",5,,,CITSA,PARABRISAS,FORD,,67-79,,,,,,,,,,,,
DW01003 GBN,,PICK UP / CAMIONES 80-99 2 Y CAB Y MEDIA ( 1099),$626.40,"$1,100.00","$1,260.00","$1,460.00",5,,,CITSA,PARABRISAS,FORD,,80-99,,,,,,,,,,,,
DW01256GBN,,FORD PICK UP /F-150/ (EXPEDITION 2/4 PTAS 97-02) (DW01582)            (VITRO),$763.52,"$1,280.00","$1,430.00","$1,580.00",,,,CITSA,PARABRISAS,FORD,,97-02,,,,,,,,,,,,
DW01551GTY,,PICKUP/ DOBLE CABINA LOBO  04-08   (DW01548)               (SANGOBAY),,"$1,490.00","$1,640.00","$1,800.00",3,,,CITSA,PARABRISAS,FORD,,45508,,,,,,,,,,,,
DW01747GTY,,F-150/LOBO 2/4 PTAS 09-14,,"$1,720.00","$1,870.00","$2,300.00",1,,,CITSA,PARABRISAS,FORD,,41883,,,,,,,,,,,,
DW02153GTN,,LOBO 2016-2017,"$1,784.11","$3,130.00","$3,230.00","$3,500.00",2,,,CITSA,PARABRISAS,FORD,,2016-2017,,,,,,,,,,,,
DW02153GTN,,LOBO 2016-2018,,"$3,130.00","$3,230.00","$3,500.00",,,,CRINAMEX,PARABRISAS,FORD,,2016-2018,,,,,,,,,,,,
DW01319 GBN,,FORD SERIES 250/550/750/450/350/SUPER DUTY 99-12,$870.00,"$1,280.00","$1,450.00","$1,650.00",1,,,CITSA,PARABRISAS,FORD,,99-12,,,,,,,,,,,,
DW01475GBN,,FORD KA 2 PTAS 98-08,"$1,127.00",$980.00,"$1,130.00","$1,280.00",,,,CITSA,PARABRISAS,FORD,,98-08,,,,,,,,,,,,
DW01622GTN,,FUSION 06-12 4 PTAS                                                                          (VITRO),,"$1,410.00","$1,510.00","$1,700.00",4,,,CITSA,PARABRISAS,FORD,,45632,,,,,,,,,,,,
DW01950GTY,,FUSION HYBRID /ENERGI SEDAN 4 PTAS 13-16,,"$2,950.00","$3,050.00","$3,300.00",,,,CRINAMEX,PARABRISAS,FORD,,13-16,,,,,,,,,,,,
DW00798GBN,,GALAXI/LTD/COSTUM 2/4 PTAS 73-79,,"$1,410.00","$1,510.00","$1,700.00",,,,CRINAMEX,PARABRISAS,FORD,,73-79,,,,,,,,,,,,
DW00899GBN,,GRAND MARQUIS 89-91 WAGON DW01059-1062/CROWN VICTORIA 4 DOOR SEDAN 89-91,,"$1,270.00","$1,370.00","$1,570.00",2,,,CRINAMEX,PARABRISAS,FORD,,"89-91, 1059-1062, 89-91",,,,,,,,,,,,
DW01149GBY,,GRAN MARQUIS /CRUW VICTORIA / MARAUDER 4 PTAS 92-02           (VITRO),,"$1,320.00","$1,420.00","$1,620.00",,,,CRINAMEX,PARABRISAS,FORD,,92-02,,,,,,,,,,,,
DW03441GBN,,IKON SEDAN 2011  4PTAS (3441) HB 12-13 (igual 02401),,"$1,200.00","$1,300.00","$1,500.00",,,,CRINAMEX,PARABRISAS,FORD,,41609,,,,,,,,,,,,
DW00727GBN,,MAVERICK /COME 2/4PTAS 70-77,,"$1,040.00","$1,140.00","$1,340.00",2,,,CRINAMEX,PARABRISAS,FORD,,70-77,,,,,,,,,,,,
DW00654GBN,,MUSTANG 64-67         DW00703                   ,$488.00,$880.00,$980.00,"$1,200.00",4,,,CITSA,PARABRISAS,FORD,,64-67,,,,,,,,,,,,
DW01477GTY,,MONDEO 4 PTAS 01-07,,"$1,250.00","$1,400.00","$1,600.00",1,,,CITSA,PARABRISAS,FORD,,45474,,,,,,,,,,,,
DW01477GTY,,MONDEO 4 PTAS 01-08,,"$1,980.00","$2,080.00","$2,300.00",,,,CRINAMEX,,FORD,,45505,,,,,,,,,,,,
DW00738GBN,,MUSTANGG HARD TOP 2 PTAS 69-70,,"$1,350.00","$1,450.00","$1,650.00",,,,CRINAMEX,PARABRISAS,FORD,,69-70,,,,,,,,,,,,
DW01609GTN,,MUSTANG 2 PTAS COUPE  2005-2010   DW01570,,"$1,520.00","$1,620.00","$1,820.00",8,,,CITSA,PARABRISAS,FORD,,2005-2010,,,,,,,,,,,,
DW00773GBN,,MUSTANGG COMBERTIBLE /COUP 2PTAS 71-73,,"$1,640.00","$1,740.00","$1,940.00",,,,CRINAMEX,PARABRISAS,FORD,,71-73,,,,,,,,,,,,
DW00824GBN,,MUSTANGG 2PTAS 74-79,,$630.00,$850.00,"$1,000.00",2,,,CITSA,PARABRISAS,FORD,,74-79,,,,,,,,,,,,
DW00824GBN,,MUSTANGG 2PTAS 74-80,,"$1,270.00","$1,370.00","$1,570.00",,,,CRINAMEX,,FORD,,74-80,,,,,,,,,,,,
DW00900GBN,,MUSTANGG 2PTAS 80-90,,$900.00,"$1,000.00","$1,200.00",,,,,PARABRISAS,173,,80-90,,,,,,,,,,,,
DW01169GBY,,MUSTANGG 2PTAS COUP 94-98 le keda 1517,,"$1,170.00","$1,290.00","$1,450.00",2,,,,PARABRISAS,FORD,,94-98,,,,,,,,,,,,
DW01517GTY,,MUSTANGG 2PTAS 99-04 le keda 1169,,"$1,770.00","$1,820.00","$2,030.00",,,,,PARABRISAS,FORD,,99-04,,,,,,,,,,,,
DW01570GTY,,MUSTANGG COUP/COMBERTIBLE 05-14,,"$1,820.00","$1,920.00","$2,150.00",,,,CRINAMEX,PARABRISAS,FORD,,41760,,,,,,,,,,,,
FW02317GBN,,PALIO 2/4 PTS HB/SD 04-08,"$1,250.00","$1,500.00","$1,800.00","$2,000.00",6,,,SAINT GOBAN,PARABRISAS,FORD,,45508,,,,,,,,,,,,
DW01090GBN,,RANGER PICK UP /BRONCO MINI PICK UP 84-92(DW00939),$660.00,$970.00,"$1,100.00","$1,250.00",,,,CITSA,PARABRISAS,FORD,,84-92,,,,,,,,,,,,
DW01205 GBN,,RANGER PICK UP CABINA IMEDIA Y DOBLE CABINA 93-10 (DW01317) (DW01150),,$990.00,"$1,140.00","$1,300.00",5,,,CITSA,PARABRISAS,FORD,,93-10,,,,,,,,,,,,
DW02078GTY,,RANGER PICK UP DOBLE CABINA 13-15,,"$1,360.00","$1,440.00","$1,700.00",4,,,CITSA,PARABRISAS,FORD,,13-15,,,,,,,,,,,,
DW02078GTY,,RANGER PICK UP DOBLE CABINA 13-16,,"$2,780.00","$2,880.00","$3,100.00",,,,CRINAMEX,PARABRISAS,FORD,,13-16,,,,,,,,,,,,
DW01091GBN,,THUNDERBIRD COUGAR 89-95  (DW01047) CHECAR NO TIENE ETIQUETA ,,"$1,260.00","$1,360.00","$1,560.00",7,,,CITSA,PARABRISAS,FORD,,89-95,,,,,,,,,,,,
DW01092GBN,,TOPAZ 84-94 2/4 PTAS (DW00947),,$950.00,"$1,050.00","$1,190.00",10,,,CITSA,PARABRISAS,FORD,,84-94,,,,,,,,,,,,
DW01218GBN,,TAURUS 4 PTAS. SEDAN 96-05 MERCURY SABLE,$961.00,"$1,520.00","$1,620.00","$1,820.00",4,,,CITSA,PARABRISAS,FORD,,96-05,,,,,,,,,,,,
DW01758GTN,,TRANSIT MINI BAN 07-09,,"$1,400.00","$1,560.00","$2,100.00",1,,,CITSA,PARABRISAS,FORD,,45542,,,,,,,,,,,,
DW01758GTN,,TRANSIT MINI BAN 07-10,,"$1,910.00","$2,060.00","$2,500.00",,,,CRINAMEX,PARABRISAS,FORD,,45572,,,,,,,,,,,,
DW01815GTN,,1719,,"$2,640.00","$2,790.00","$3,300.00",,,,CRINAMEX,PARABRISAS,FORD,,,,,,,,,,,,,,
DW01174GBY,,WINDSTAR/FREESTAR/MONTEREY 95-05 (DW01257)                      (VITRO),"$1,000.00","$1,260.00","$1,310.00","$1,480.00",,,,CRINAMEX,PARABRISAS,FORD,,95-05,,,,,,,,,,,,
,,NISSAN,,,,,,,,,PARABRISAS,,,,,,,,,,,,,,,
FW00727GBN,,ALTIMA 4PTS SEDAN 93-97,,"$1,090.00","$1,190.00","$1,390.00",,,,CRINAMEX,PARABRISAS,NISSAN,,93-97,,,,,,,,,,,,
FW02260GBN,,ALTIMA 4PTS 98-01 (FW02060),,"$1,500.00","$1,600.00","$1,700.00",1,,,CRINAMEX,PARABRISAS,NISSAN,,98-01,,,,,,,,,,,,
FW02281GBN,,ALTIMA 4PTS 02-06,,"$1,200.00","$1,300.00","$1,500.00",1,,,CRINAMEX,PARABRISAS,NISSAN,,45445,,,,,,,,,,,,
FW02734GTN,,ALTIMA SEDAN 4PTS 07-12                                                               (VITRO),,"$1,450.00","$1,550.00","$1,700.00",3,,,CRINAMEX,PARABRISAS,NISSAN,,45633,,,,,,,,,,,,
FW03621GBN,, Altima 4 Door Sedan 2013-2015 ,,"$1,560.00","$1,660.00","$1,860.00",,,,CRINAMEX,PARABRISAS,NISSAN,,2013-2015,,,,,,,,,,,,
FW02822GBN,,ALTIMA COUPE 2PTS 08-13,,"$2,310.00","$2,410.00","$2,600.00",,,,CRINAMEX,PARABRISAS,NISSAN,,41487,,,,,,,,,,,,
FW02297GTN,,ALMERA SEDAN 2/4PTS 00-06,"$1,130.00","$1,430.00","$1,530.00","$1,730.00",,,,CRINAMEX,PARABRISAS,NISSAN,,00-06,,,,,,,,,,,,
FW02962GTN,,APRIO 4PTS 08-10                                                                            (VITRO),,"$1,510.00","$1,610.00","$1,800.00",,,,CRINAMEX,PARABRISAS,NISSAN,,45573,,,,,,,,,,,,
FW02391GBN,,ARMADA /TITAN /(ISUZUQX56)06-10,"$1,271.00","$1,640.00","$1,740.00","$1,940.00",,,,CRINAMEX,PARABRISAS,NISSAN,,45571,,,,,,,,,,,,
FW03754GTN,,CARGO VAN NV 200 13-16,,"$1,910.00","$2,010.00","$2,200.00",,,,CRINAMEX,PARABRISAS,NISSAN,,13-16,,,,,,,,,,,,
FW00389GBN,,"DATSUN HATCH-BACK,2 P. SAMURAY 81-83   FW00412",$614.80,$900.00,"$1,150.00","$1,350.00",5,,, CITSA ,PARABRISAS,NISSAN,,81-83,,,,,,,,,,,,
FW00197GBN,,DATSUN SEDAN 4PTS 65-73 CONGOMA,,$900.00,"$1,050.00","$1,300.00",1,,, CITSA ,PARABRISAS,NISSAN,,65-73,,,,,,,,,,,,
FW00197GBN,,DATSUN SEDAN 4PTS 65-73 CONGOMA USADO,,$700.00,$800.00,"$1,000.00",1,,, CITSA ,,,,65-73,,,,,,,,,,,,
FW00270CLN,,DATSUN 610 SEDAN /WAGON 4PTS 74-78 BOLILLO,,"$1,000.00","$1,100.00","$1,350.00",2,,, CITSA ,PARABRISAS,NISSAN,,74-78,,,,,,,,,,,,
FW00357GBN,,DATSUN 810 SEDAN /WAGON 2/4 PTS 79-83 CHECAR ANTES,,$910.00,"$1,060.00","$1,200.00",4,,,CITSA,PARABRISAS,NISSAN,,79-83,,,,,,,,,,,,
FW00357CLN,,DATSUN 810 SEDAN /WAGON 2/4 PTS 79-84,,"$1,210.00","$1,310.00","$1,500.00",,,,CRINAMEX,,,,79-84,,,,,,,,,,,,
FW00177GBN,,DATSUN PRIMERA PICK UP 2PTS 66-72,,"$1,150.00","$1,250.00","$1,350.00",1,,,CITSA,PARABRISAS,NISSAN,,66-72,,,,,,,,,,,,
FW00177GBN,,DATSUN PRIMERA PICK UP 2PTS 66-73,,"$1,980.00","$2,080.00","$2,200.00",,,,CRINAMEX,PARABRISAS,NISSAN,,66-73,,,,,,,,,,,,
FW02070GBN,,XTERRA /FRONTIER  98-02,,"$1,350.00","$1,450.00","$1,650.00",,,,CITSA,PARABRISAS,NISSAN,,98-02,,,,,,,,,,,,
FW02229GBN,,FRONTIER 01-08 /XTERRA 00-04,,"$1,200.00","$1,300.00","$1,500.00",,,,CRINAMEX,PARABRISAS,NISSAN,,"01-08, 00-04",,,,,,,,,,,,
FW02510GBN,,FRONTIER / PATHFINDER / XTERRA 06-15                    (VITRO)                   1851 SIN ETIQUETA,,"$1,550.00","$1,620.00","$1,800.00",4,,,CRINAMEX,PARABRISAS,NISSAN,,42156,,,,,,,,,,,,
FW04146GTN,,FRONTIER 2015,,"$1,170.00","$1,320.00","$1,480.00",5,,,CRINAMEX,PARABRISAS,NISSAN,,,,,,,,,,,,,,
FW00538GBN,,HIKARY  2PTS 88-91 REVISAR ANTES,,"$1,020.00","$1,170.00","$1,300.00",5,,,CITSA,PARABRISAS,NISSAN,,88-91,,,,,,,,,,,,
FW00538GBN,,HIKARY  2PTS 88-92,,"$1,480.00","$1,580.00","$1,780.00",,,,CRINAMEX,PARABRISAS,NISSAN,,88-92,,,,,,,,,,,,
FW02153GBN,,ICHIVAN,,"$1,100.00","$1,200.00","$1,300.00",1,,,CITSA,PARABRISAS,NISSAN,,,,,,,,,,,,,,
FW03311GTN,,JUKE 4PTS 11-16,,"$1,750.00","$1,850.00","$2,050.00",,,,CRINAMEX,PARABRISAS,NISSAN,,42675,,,,,,,,,,,,
FW04504GTN,,KICKS 4 PTS 2017,,"$1,770.00","$1,920.00","$2,100.00",5,,,CITSA,PARABRISAS,NISSAN,,,,,,,,,,,,,,
FW02657GBN,,MICRA 4 PTAS HATCHBACK 05/08   FW04323,$736.00,"$1,150.00","$1,300.00","$1,600.00",4,,,CITSA,PARABRISAS,NISSAN,,,,,,,,,,,,,,
FW02657GBN,,MICRA 4 PTAS HATCHBACK 05/08   FW04324,,"$3,300.00","$3,400.00","$3,600.00",,,,CRINAMEX,PARABRISAS,NISSAN,,,,,,,,,,,,,,
FW03433GTN,,MARCH HB 4PTS 12-15 ,,"$1,250.00","$1,360.00","$1,550.00",2,,,CRINAMEX,PARABRISAS,NISSAN,,42339,,,,,,,,,,,,
FW00781GBN,,     ,,"$1,630.00","$1,730.00","$1,950.00",,,,,PARABRISAS,NISSAN,,,,,,,,,,,,,,
FW02121GBN,,,,"$1,530.00","$1,630.00","$1,830.00",,,,CRINAMEX,PARABRISAS,NISSAN,,,,,,,,,,,,,,
FW02410GBN,,MAXIMA 4PTS 04-08,,"$2,550.00","$2,650.00","$2,850.00",,,,CRINAMEX,PARABRISAS,NISSAN,,45508,,,,,,,,,,,,
FW02381GBY ,,MURANO 4PTS 03-07,,"$2,400.00","$2,500.00","$2,700.00",3,,,CRINAMEX,PARABRISAS,NISSAN,,45476,,,,,,,,,,,,
FW00271GBN,,NISSAN PICKUP 72-79 1100,,$850.00,$950.00,"$1,100.00",2,,,CRINAMEX,PARABRISAS,NISSAN,,72-79,,,,,,,,,,,,
FW00413 GBN,,NISSAN PICK UP 720 81-93 MEXICANA,$603.00,$920.00,"$1,040.00","$1,150.00",3,,,CITSA,PARABRISAS,NISSAN,,81-93,,,,,,,,,,,,
FW003421 GBN,,NISSAN PICKUP D21 93-11 FRONTIER/XTERRA/D22/ (FW00526),,$910.00,"$1,030.00","$1,150.00",5,,,CITSA,PARABRISAS,NISSAN,,93-11,,,,,,,,,,,,
FW03781GTN,,NOTE  14-16 PRESENTARLO ANTES EL PARAB SE BORRO CLAVE)," PROMO $1,665 ","$2,870.00","$2,970.00","$3,170.00",,,,CRINAMEX,PARABRISAS,NISSAN,,14-16,,,,,,,,,,,,
FW02012GBN,,PATHFINDER 96-04 (FW02000GBN),,"$1,380.00","$1,480.00","$1,680.00",,,,CRINAMEX,PARABRISAS,NISSAN,,96-04,,,,,,,,,,,,
FW02290-GBN,,PLATINA 4PTS 05-10 /RENAULT CLIO 2 PTAS 01-05 1450 YA INSTALADO,,"$1,190.00","$1,340.00","$1,490.00",5,,,CITSA,PARABRISAS,NISSAN,,"05-10, 01-05",,,,,,,,,,,,
DW01252GBN,,QUEST MINI VAN 93-98 / VILLAGER FORD              (DW01143)                                   (VITRO),,"$1,630.00","$1,780.00","$1,930.00",5,,,CRINAMEX,PARABRISAS,NISSAN,,93-98,,,,,,,,,,,,
DW01328GBN,,QUEST MINI VAN 99-03  (LE KEDA EL 01252),,"$1,070.00","$1,170.00","$1,370.00",,,,CRINAMEX,PARABRISAS,NISSAN,,99-03,,,,,,,,,,,,
FW02392GTN,,QUEST MINI VAN 04-10,,"$1,670.00","$1,770.00","$1,980.00",,,,CRINAMEX,PARABRISAS,NISSAN,,45569,,,,,,,,,,,,
FW02878GTN,,ROGUE SELECT 4PTS 08-15                                                           (VITRO),,"$1,590.00","$1,690.00","$1,900.00",,,,CRINAMEX,PARABRISAS,NISSAN,,42217,,,,,,,,,,,,
FW00412CLN,,SAMURAY 4PTS HB 81-83,,$900.00,"$1,000.00","$1,200.00",,,,CRINAMEX,PARABRISAS,NISSAN,,81-83,,,,,,,,,,,,
FW00405CLN,,SAKURA 2PTS 80-83,,$900.00,"$1,000.00","$1,200.00",3,,,CITSA,PARABRISAS,NISSAN,,80-83,,,,,,,,,,,,
FW00801GBN,,SENTRA I 4PTS  96-00,$593.89,"$1,060.00","$1,160.00","$1,360.00",1,,,CRINAMEX,PARABRISAS,NISSAN,,96-00,,,,,,,,,,,,
FW02179GBN,,SENTRA II 4PTS 01-06                                                                       (VITRO),,"$1,080.00","$1,180.00","$1,400.00",7,,,CRINAMEX,PARABRISAS,NISSAN,,45444,,,,,,,,,,,,
FW02729GTN,,SENTRA III SEDAN 4PTS 07-12                                             (SAINT),,"$1,190.00","$1,340.00","$1,490.00",5,,,CRINAMEX,PARABRISAS,NISSAN,,45633,,,,,,,,,,,,
FW03667GTN,,SENTRA SEDAN 4PTS 13-16 (FW04404 SANGOBAY),,"$1,460.00","$1,610.00","$1,800.00",5,,,SAINT GOBAIN,PARABRISAS,NISSAN,,13-16,,,,,,,,,,,,
FW02152CLN,,TSUBAME 4PTS 93-04 (03309),,"$1,120.00","$1,240.00","$1,450.00",,,,CRINAMEX,,,,93-04,,,,,,,,,,,,
FW00440GBN,,TSURU I SEDAN 2/4PTS 84 87,,$870.00,$950.00,"$1,050.00",5,,,CRINAMEX,PARABRISAS,NISSAN,,,,,,,,,,,,,,
FW00441GBN,,TSURU I VAGONETA /NINJA SAMURAY 2/4 PTS 84-87,,$890.00,$970.00,"$1,020.00",3,,,CRINAMEX,PARABRISAS,NISSAN,,84-87,,,,,,,,,,,,
FW00528GBN,,TSURU II 4/2 PTS SEDAN /WAGON 88-91,$633.37,$960.00,"$1,060.00","$1,230.00",2,,,CRINAMEX,PARABRISAS,NISSAN,,88-91,,,,,,,,,,,,
FW00663GBN,,TSURU III 2/4 PTS 92-16                                                                               ,,$910.00,"$1,030.00","$1,150.00",5,,,CITSA,PARABRISAS,NISSAN,,92-16,,,,,,,,,,,,
FW02653GTY,,TIIDA SEDAN/HB 4PTS 07-16,$914.54,"$1,220.00","$1,340.00","$1,500.00",,,,CITSA,PARABRISAS,NISSAN,,42552,,,,,,,,,,,,
FW03716CLN,,URVAN 99-01,,"$1,300.00","$1,400.00","$1,500.00",2,,,CRINAMEX,PARABRISAS,NISSAN,,99-01,,,,,,,,,,,,
FW03456GTN-C,,URVAN CORTA 13-18 CORTA,$997.60,"$1,200.00","$1,400.00","$1,600.00",12,,,CITSA,PARABRISAS,NISSAN,,13-18,,,,,,,,,,,,
FW03456 GTN,,URVAN LARGA 13-18 LARGA,,"$1,380.00","$1,580.00","$1,780.00",5,,,CITSA,PARABRISAS,NISSAN,,13-18,,,,,,,,,,,,
FW02446-GBN,,URVAN 02-12,"$1,270.00","$1,165.00","$1,320.00","$1,480.00",5,,,CITSA,PARABRISAS,NISSAN,,45628,,,,,,,,,,,,
FW03488 CLN,,VERSA 08-18 (FW03480) (03496)    PRESENTAR PARA EL 17             ,,"$1,110.00","$1,260.00","$1,450.00",5,,,CITSA,PARABRISAS,NISSAN,,43313,,,,,,,,,,,,
05160GTN,,VERSA 2019-2021 2200,,"$2,300.00","$2,500.00","$2,550.00",5,,,CITSA,PARABRISAS,NISSAN,,2019-2021,,,,,,,,,,,,
FW02329GTN,,X-TRAIL 4PTS 01-07                                                                (VITRO),,"$1,200.00","$1,300.00","$1,500.00",1,,,CITSA,PARABRISAS,NISSAN,,45474,,,,,,,,,,,,
FW03477GTN,,X-TRAIL 4PTS 08-14 S/SENSOR                                    (SANGOBAY), vit1466/saint2065 ,"$1,250.00","$1,400.00","$1,600.00",4,,,CITSA,PARABRISAS,NISSAN,,41852,,,,,,,,,,,,
FW03898GTN,,X-TRAIL 4PTS 15-17,,"$1,650.00","$1,850.00","$1,950.00",1,,,CITSA,PARABRISAS,NISSAN,,15-17,,,,,,,,,,,,
FW03898GTN,,X-TRAIL 4PTS 15-18,,"$1,650.00","$1,750.00","$1,950.00",,,,CRINAMEX,PARABRISAS,NISSAN,,15-18,,,,,,,,,,,,
FW00780,,240SX 2 PTAS 95-98 esta en dodge,,"$1,640.00","$1,680.00","$1,880.00",1,,,BENZON,PARABRISAS,NISSAN,,95-98,,,,,,,,,,,,
FW03331GTY,,AMAROK 11-12,,"$1,670.00","$1,850.00","$2,000.00",2,,,CRIN/CITS,PARABRISAS,VOLKSWAGEN,,45637,,,,,,,,,,,,
FW02072GYN,,BEETLE 98-10 2 PTS                                           (SANGOBAY),$991.80,"$1,220.00","$1,320.00","$1,450.00",,,,CRINAMEX,PARABRISAS,VOLKSWAGEN,,98-10,,,,,,,,,,,,
FW02289GYY,,BEETLE 98-12 2 PTAS CON SENSOR,,,,,,,,CRINAMEX,PARABRISAS,VOLKSWAGEN,,98-12,,,,,,,,,,,,
FW03474GTY,,BEETLE 12-16 (FW03505)                                (SANGOBAY) 2200,,"$1,780.00","$1,880.00","$2,100.00",2,,,CRINAMEX,PARABRISAS,VOLKSWAGEN,,42705,,,,,,,,,,,,
FW3002GTN,,BORA 06-11 (FW02977) (FW02525GTY)(FW02795),,"$1,750.00","$1,830.00","$2,050.00",,,,CRINAMEX,PARABRISAS,VOLKSWAGEN,,45602,,,,,,,,,,,,
FW00173GBN,,BOCHO 73-04                                                            (VITRO),,$400.00,$460.00,$550.00,14,,,CITSA,PARABRISAS,VOLKSWAGEN,,73-04,,,,,,,,,,,,
FW00174GBN,,BOCHO 69-72 PLANO                                                          (VITRO),,$360.00,$440.00,$500.00,5,,,CITSA,,VOLKSWAGEN,,69-72,,,,,,,,,,,,
FW00435GBN,,CORSAR 4 PTAS. 83-88,$706.05,$940.00,"$1,040.00","$1,150.00",4,,,CRINAMEX,,VOLKSWAGEN,,83-88,,,,,,,,,,,,
FW00006GBN,,BRASILIA 74-81,,$950.00,"$1,030.00","$1,100.00",,,,CRINAMEX,PARABRISAS,VOLKSWAGEN,,74-81,,,,,,,,,,,,
FW00332GBN,,caribe,,$810.00,$900.00,"$1,000.00",3,,,CRINAMEX,PARABRISAS,VOLKSWAGEN,,,,,,,,,,,,,,
1800,,CABRIO,,"$1,250.00","$1,400.00","$1,550.00",1,,,CITSA,PARABRISAS,VOLKSWAGEN,,,,,,,,,,,,,,
FW02004GTN,,CABRIO,,"$2,080.00","$2,180.00","$2,380.00",,,,CRINAMEX,,,,,,,,,,,,,,,,
FW00201GBN,,COMBI,$550.00,$820.00,$890.00,$980.00,4,,,CITSA,PARABRISAS,VOLKSWAGEN,,,,,,,,,,,,,,
FW00796GBN,,DERVY 95-98 ,,"$1,020.00","$1,170.00","$1,300.00",4,,,CITSA,PARABRISAS,VOLKSWAGEN,,95-98,,,,,,,,,,,,
FW02291GTN,,DERVY 99-04,,$990.00,"$1,110.00","$1,280",5,,,CITSA,PARABRISAS,VOLKSWAGEN,,99-04,,,,,,,,,,,,
FW00712GBN,,EUROVAN 92-05              (SANGOBAY),,"$1,320.00","$1,470.00","$1,620.00",,,,CRINAMEX,PARABRISAS,VOLKSWAGEN,,92-05,,,,,,,,,,,,
FW01543GBN,,GOLF /JETTA A2 87-92 2/4 PTS PEGADO,,"$1,300.00","$1,400.00","$1,500.00",,,,CITSA,PARABRISAS,VOLKSWAGEN,,87-92,,,,,,,,,,,,
FW00491 GBN,,GOLF /JETTA A2 C/ GOMA 87-92,$660.00,$980.00,"$1,100.00","$1,250.00",5,,,CITSA,PARABRISAS,VOLKSWAGEN,,87-92,,,,,,,,,,,,
FW00728-GBN,,GOLF /JETTA A3 93-98 2/4 PTS BOLA ARRIBA,,"$1,050.00","$1,200.00","$1,350.00",5,,,CITSA,PARABRISAS,VOLKSWAGEN,,93-98,,,,,,,,,,,,
FW02006GBN,,GOLF /JETTA A3 93-98 2/4 PTS BOLA ABAJO                     (VITRO),,$960.00,"$1,060.00","$1,200.00",,,,CITSA,PARABRISAS,VOLKSWAGEN,,93-98,,,,,,,,,,,,
FW02115 GBN,,GOLF /JETTA A4          2843           (VITRO) (2780),,"$1,150.00","$1,280.00","$1,400.00",5,,,CITSA,PARABRISAS,VOLKSWAGEN,,,,,,,,,,,,,,
FW03187GTY,,GOLF/GTI 10-14 2/4 PTS,,"$2,470.00","$2,570.00","$2,770.00",,,,CRINAMEX,PARABRISAS,VOLKSWAGEN,,41913,,,,,,,,,,,,
FW03096GTN,,GOL /SAVEIRO 08-18,,"$1,100.00","$1,220.00","$1,380.00",5,,,CITSA,PARABRISAS,VOLKSWAGEN,,43313,,,,,,,,,,,,
FW03316GTY,,JETTA A5 VICENTENARIO 11-15,,"$1,130.00","$1,250.00","$1,450.00",8,,,CRINAMEX,PARABRISAS,VOLKSWAGEN,,42309,,,,,,,,,,,,
FW04876GTN,,JETTA 2018-2021 4 PTS,,"$1,980.00","$2,130.00","$2,300.00",4,,,CITSA,,,,2018-2021,,,,,,,,,,,,
FW02480GTN,,LUPO 04-10 /CROSS FOX 05-09 /(FW03278 ) SPORT VAN 07-10 S/ANTENA,,$950.00,"$1,050.00","$1,250.00",,,,CRINAMEX,PARABRISAS,VOLKSWAGEN,,"04-10, 05-09, 07-10",,,,,,,,,,,,
FW02481GTY,,LUPO 04-10 /CROSS FOX 05-09 /(FW03278 ) SPORT VAN 07-10 C/ANTENA,,"$1,180.00","$1,320.00","$1,480.00",,,,CITSA,PARABRISAS,VOLKSWAGEN,,"04-10, 05-09, 07-10",,,,,,,,,,,,
FW02481GTY,,LUPO 04-10 /CROSS FOX 05-09 /(FW03278 ) SPORT VAN 07-10 C/ANTENA,,"$1,850.00","$1,950.00","$2,150.00",,,,CRINAMEX,PARABRISAS,VOLKSWAGEN,,"04-10, 05-09, 07-10",,,,,,,,,,,,
FW00655GTY,,PASSAT 4 PTAS SEDAN 90-97, BS1460/ ,   ,,,,,,BENZON,PARABRISAS,VOLKSWAGEN,,90-97,,,,,,,,,,,,
FW02248GYY,,PASSAT 98-05,,"$1,750.00","$1,850.00","$2,050.00",,,,CRINAMEX,PARABRISAS,VOLKSWAGEN,,98-05,,,,,,,,,,,,
FW03259GTY,,PASSAT MDX 06-11,,"$2,320.00","$2,420.00","$2,650.00",,,,CRINAMEX,PARABRISAS,VOLKSWAGEN,,45602,,,,,,,,,,,,
FW03090GTY,,PASSAT CC /4 PTS 09-13,,"$2,400.00","$2,500.00","$2,700.00",,,,CRINAMEX,PARABRISAS,VOLKSWAGEN,,41518,,,,,,,,,,,,
FW03792GTY,,PASSAT 12-16 4PTS,,"$3,200.00","$3,300.00","$3,500.00",,,,CRINAMEX,PARABRISAS,VOLKSWAGEN,,42705,,,,,,,,,,,,
FW-02331 GBN,,POINTER 2/ 4/ PTS SEDAN /WAGON 98-10 (2331) (2670),,"$1,050.00","$1,200.00","$1,350.00",5,,,CITSA,PARABRISAS,VOLKSWAGEN,,98-10,,,,,,,,,,,,
FW02498GTN,,POLO 4 PTS 03-07,,"$1,400.00","$1,500.00","$1,700.00",,,,0,PARABRISAS,VOLKSWAGEN,,45476,,,,,,,,,,,,
FW02330GTN,,SHARAN /ALHAMBRA 06-10 EN TOYOTA ,,"$2,360.00","$2,460.00","$2,560.00",2,,,CRINAMEX,PARABRISAS,VOLKSWAGEN,,45571,,,,,,,,,,,,
FW02944GTN,,TIGUAN 09-16,,"$1,550.00","$1,700.00","$1,850.00",7,,,CITSA,PARABRISAS,VOLKSWAGEN,,42614,,,,,,,,,,,,
FW02944GTY,,TIGUAN 09-17,,"$1,980.00","$2,080.00","$2,300.00",,,,CRINAMEX,PARABRISAS,VOLKSWAGEN,,42979,,,,,,,,,,,,
FW 03895-GTN,,VENTO 14-18 PTS,,"$1,480.00","$1,630.00","$1,900.00",2,,,CITSA,PARABRISAS,VOLKSWAGEN,,14-18,,,,,,,,,,,,
FW04984GTN,,VIRTUS 20-21 SEDAN / POLO 19-20 HATBACH ,,"$1,800.00","$1,950.00","$2,100.00",,,,,PARABRISAS,VOLKSWAGEN,,"20-21, 19-20",,,,,,,,,,,,
DW01719GBN,,CRAFTER VAN 07-11,,"$1,250.00","$1,350.00","$1,800.00",,,,CRINAMEX,PARABRISAS,VOLKSWAGEN,,45603,,,,,,,,,,,,
FW04372GTN,,CROSS UP! 17,,"$1,620.00","$1,770.00","$1,950.00",1,,,1 USADO,PARABRISAS,VOLKSWAGEN,,,,,,,,,,,,,,
FW02011GTN,,4 RUNNER 4 PTAS 96-02,$963.00,$970.00,"$1,070.00","$1,300.00",,,,CRINAMEX,PARABRISAS,TOYOTA,,96-02,,,,,,,,,,,,
FW02371GGN,,4 RUNNER 4 PTAS 03-09 (2372),,"$1,570.00","$1,660.00","$1,750.00",2,,,CITSA,PARABRISAS,TOYOTA,,45538,,,,,,,,,,,,
FW02371GGN,,5 RUNNER 4 PTAS 03-09 (2372),,"$1,490.00","$1,590.00","$1,800.00",,,,CRINAMEX,PARABRISAS,,,45538,,,,,,,,,,,,
FW02903GTN,,AVANZA 07-11,,"$1,350.00","$1,450.00","$1,550.00",3,,,SAINT/CRINAM,PARABRISAS,TOYOTA,,45603,,,,,,,,,,,,
FWAVA16GTN,,AVANZA 16,,"$1,680.00","$1,800.00","$2,000.00",4,,,CITSA,PARABRISAS,,,,,,,,,,,,,,,
FW00694GBN,,CAMRY 4 PTAS SEDAN Y WAGON 92-96,,$880.00,$980.00,"$1,200.00",,,,CRINAMEX,PARABRISAS,TOYOTA,,92-96,,,,,,,,,,,,
FW02018GBN,,CAMRY 4 PTAS SEDAN 97-01,,$970.00,"$1,070.00","$1,280.00",,,,CRINAMEX,PARABRISAS,TOYOTA,,97-01,,,,,,,,,,,,
FW02267GBN,,CAMRY 4 PTAS SEDAN 02-06,,"$1,450.00","$1,550.00","$1,750.00",,,,CRINAMEX,PARABRISAS,TOYOTA,,45445,,,,,,,,,,,,
FW02627GTY,,CAMRY 4 PTAS 07-11,,"$1,770.00","$1,860.00","$1,950.00",2,,,CITSA,PARABRISAS,TOYOTA,,45603,,,,,,,,,,,,
FW03473GTY,,CAMRY 13-16 4 PTS,,"$2,350.00","$2,440.00","$2,550.00",2,,,CRINAMEX,PARABRISAS,TOYOTA,,13-16,,,,,,,,,,,,
FW02059GBY,,COROLLA 4 PTAS 98-02,,"$1,100.00","$1,200.00","$1,400.00",,,,CRINAMEX,PARABRISAS,TOYOTA,,98-02,,,,,,,,,,,,
FW02298GBY,,COROLLA 4 PTAS 03-08,,$860.00,$960.00,"$1,160.00",,,,CITSA,PARABRISAS,TOYOTA,,45507,,,,,,,,,,,,
FW03261GBN,,COROLLA 4 PTAS SEDAN 09-13 (2899),,"$2,340.00","$2,440.00","$2,550.00",4,,,  ,PARABRISAS,TOYOTA,,41518,,,,,,,,,,,,
FW02652CLN,,FJ CRUISER 4 PTAS 07-13,,"$1,230.00","$1,330.00","$1,530.00",,,,,PARABRISAS,TOYOTA,,41456,,,,,,,,,,,,
FW02693GTN,,HIACE VAN PASAJERA 06-11 (FW04468 CITSA),,"$1,350.00","$1,450.00","$1,650.00",4,,,CRINAMEX,PARABRISAS,TOYOTA,,45602,,,,,,,,,,,,
FW02693GTN,,HIACE VAN PASAJERA 06-11 (FW04468 CITSA),,"$1,360.00","$1,460.00","$1,600.00",ï¿½,,,CRINAMEX,PARABRISAS,TOYOTA,,45602,,,,,,,,,,,,
FW04691GBN,,HIACE VAN PASAJERA 06-11 (FW04468 CITSA) CORTA,,"$1,460.00","$1,560.00","$1,700.00",,,,CRINAMEX,PARABRISAS,,,45602,,,,,,,,,,,,
FW02869GGY,,HIGLANDER 4 PTAS 08-13,,"$3,500.00","$3,580.00","$3,700.00",1,,,GUARDIAN,PARABRISAS,TOYOTA,,41487,,,,,,,,,,,,
FW02701GTN,,HILUX 06-13,,"$1,440.00","$1,540.00","$1,650.00",1,,,CITSA,PARABRISAS,TOYOTA,,41426,,,,,,,,,,,,
FW02701GTN,,HILUX 06-14,,"$1,430.00","$1,530.00","$1,730.00",,,,CRINAMEX,PARABRISAS,,,41791,,,,,,,,,,,,
FW04340GBN,,HILUX 2016,,"$1,520.00","$1,620.00","$1,720.00",3,,,CITSA,PARABRISAS,,,,,,,,,,,,,,,
FW04340GBN,,HILUX 2017,,"$1,870.00","$1,970.00","$2,170.00",,,,CRINAMEX,PARABRISAS,,,,,,,,,,,,,,,
FW02074GBN,,LAND CRUISER 4 PTS 98-05,,,,,,,,,PARABRISAS,TOYOTA,,98-05,,,,,,,,,,,,
FW02302GBN,,MATRIX 4 PTAS HB 03-05,,"$1,400.00","$1,500.00","$1,700.00",,,,,PARABRISAS,TOYOTA,,45415,,,,,,,,,,,,
FW00274GBN,,PICK UP 72-78,,,,,1,,,CITSA,PARABRISAS,TOYOTA,,72-78,,,,,,,,,,,,
FW00397GBN,,PICK UP 79-83 CON GOMA, FW00397GBN ,$720.00,$820.00,$920.00,2,,,CITSA,PARABRISAS,TOYOTA,,79-83,,,,,,,,,,,,
FW00471-GBN,,PICK UP/ 4RUNNER 85-88,,$980.00,"$1,130.00","$1,300.00",5,,,CITSA,PARABRISAS,TOYOTA,,85-88,,,,,,,,,,,,
FW00598GBN,,PICK UP/ 4RUNNER 89-95,,$900.00,$980.00,"$1,300.00",4,,,CRINAMEX,PARABRISAS,TOYOTA,,89-95,,,,,,,,,,,,
FW02001GBN,,RAV4   4/2 PTAS 96-99,,"$1,130.00","$1,230.00","$1,430.00",,,,,PARABRISAS,TOYOTA,,96-99,,,,,,,,,,,,
FW02470GTN,,RAV4  4PTAS 01-05,,"$1,150.00","$1,200.00","$1,450.00",,,,CRINAMEX,PARABRISAS,TOYOTA,,45413,,,,,,,,,,,,
FW02470GBN,,RAV4  4PTAS 01-05  FW02217,,"$1,300.00","$1,400.00","$1,600.00",9,,,CRIN/SAINT,PARABRISAS,TOYOTA,,45413,,,,,,,,,,,,
FW02625GTY,,RAV4  4PTAS 06-12,,"$1,650.00","$1,750.00","$1,950.00",,,,CRINAMEX,PARABRISAS,TOYOTA,,45632,,,,,,,,,,,,
FW03748GTN,,RAV4   4PTAS 13,,"$2,280.00","$2,330.00","$2,580.00",,,,,PARABRISAS,TOYOTA,,,,,,,,,,,,,,
FW02359GBN,,SEQUOIA 4 PTAS 01-05,,$910.00,$960.00,"$1,210.00",,,,,PARABRISAS,TOYOTA,,45413,,,,,,,,,,,,
FW02246GBN,,SIENNA VAN 98-03,,$900.00,$950.00,"$1,200.00",,,,,PARABRISAS,TOYOTA,,98-03,,,,,,,,,,,,
FW02395GBN,,SIENNA 04-10 (FW02421),,"$2,070.00","$2,170.00","$2,370.00",,,,CRINAMEX,PARABRISAS,TOYOTA,,45569,,,,,,,,,,,,
FW03198GBY,,SIENNA MINI VAN 11-16,,"$1,940.00","$2,040.00","$2,250.00",,,,CRINAMEX,PARABRISAS,TOYOTA,,42675,,,,,,,,,,,,
FW00739GTN,,T100 PICK UP 95-98,,$860.00,$960.00,"$1,160.00",,,,CRINAMEX,PARABRISAS,TOYOTA,,95-98,,,,,,,,,,,,
FW00799GBN,,TACOMA PICK UP 95-97,,"$1,100.00","$1,200.00","$1,450.00",,,,CRIN/CITS,PARABRISAS,TOYOTA,,95-97,,,,,,,,,,,,
FW02443GBN,,TACOMA CABINA /CAB 1/2 98-04,,"$1,250.00","$1,350.00","$1,550.00",,,,CRINAMEX,PARABRISAS,TOYOTA,,98-04,,,,,,,,,,,,
FW02500GBN,,TACOMA CABINA /CAB 1/2 05-14,,"$1,180.00","$1,280.00","$1,380.00",3,,,CRINAMEX,PARABRISAS,TOYOTA,,41760,,,,,,,,,,,,
FW00724GBN,,"TOYOTA COROLLA, DX, SED., STA. WAG 93-95",,$900.00,"$1,000.00","$1,200.00",,,,CRINAMEX,PARABRISAS,TOYOTA,,93-95,,,,,,,,,,,,
FW02108GBN,,TUNDRA PICK UP Y CABINA 1/2 00-05,,"$1,080.00","$1,180.00","$1,380.00",,,,CRINAMEX,PARABRISAS,TOYOTA,,00-05,,,,,,,,,,,,
FW02721GBY ,,TUNDRA PICK UP Y CABINA 1/2 07-13/SEQUIOA 08-13,,"$2,490.00","$2,590.00","$2,800.00",,,,CRINAMEX,PARABRISAS,TOYOTA,,"07-13, 08-13",,,,,,,,,,,,
FW02614GTY,,YARIS 2/4 PTAS HB 06-11,,"$1,290.00","$1,440.00","$1,600.00",,,,CRINAMEX,PARABRISAS,TOYOTA,,45602,,,,,,,,,,,,
FW02682GBN,,YARIS SEDAN 4 PTAS 07-12,,"$1,070.00","$1,170.00","$1,370.00",4,,,CRINAMEX,PARABRISAS,TOYOTA,,45633,,,,,,,,,,,,
FW03514GTN,,YARIS HB 2/4 PTAS 12-16,,"$1,740.00","$1,840.00","$2,040.00",,,,CRINAMEX,PARABRISAS,TOYOTA,,42705,,,,,,,,,,,,
,,HONDA ,,,,,,,,,,,,,,,,,,,,,,,,
FW00653GBN,,ACCORD 2PTAS COUPE 90-93,,"$1,390.00","$1,490.00","$1,700.00",,,,CRINAMEX,PARABRISAS,HONDA,,90-93,,,,,,,,,,,,
FW00641GBN,,ACCORD 4 PTAS SEDAN /WAGON 90-93,,"$1,260.00","$1,360.00","$1,560.00",,,,CRINAMEX,PARABRISAS,HONDA,,90-93,,,,,,,,,,,,
FW00772GBN,,ACCORD 2 PTAS COUPE 94-97,,"$1,760.00","$1,860.00","$2,060.00",1,,,CRINAMEX,PARABRISAS,HONDA,,94-97,,,,,,,,,,,,
FW00753GBN,,ACCORD 4 PTAS SEDAN/WAGON 94-97,,"$1,230.00","$1,330.00","$1,530.00",,,,CRINAMEX,PARABRISAS,HONDA,,94-97,,,,,,,,,,,,
FW02063GBN,,ACCORD 2 PTAS COUPE 98-02,,"$1,320.00","$1,420.00","$1,620.00",,,,CRINAMEX,PARABRISAS,HONDA,,98-02,,,,,,,,,,,,
FW02064GBN,,ACCORD 4 PTAS COUPE 98-03,,"$1,270.00","$1,420.00","$1,580.00",,,,CRINAMEX,PARABRISAS,HONDA,,98-03,,,,,,,,,,,,
FW02358GBN,, ACCORD 2 PTAS COUPE 03-07,,"$1,720.00","$1,820.00","$1,920.00",3,,,CRINAMEX,PARABRISAS,HONDA,,45476,,,,,,,,,,,,
FW02351GBN,,ACCORD 4 PTAS SEDAN 03-07,,$910.00,"$1,010.00","$1,250.00",1,,,CITSA,PARABRISAS,HONDA,,45476,,,,,,,,,,,,
FW02815GBN,,ACCORD 4 PTAS SEDAN 08-12,,"$1,400.00","$1,500.00","$1,700.00",,,,CRINAMEX,PARABRISAS,HONDA,,45634,,,,,,,,,,,,
FW03178GBN,,CITY 4PTAS 10-13,,"$2,400.00","$2,500.00","$2,700.00",,,,CRINAMEX,PARABRISAS,HONDA,,41548,,,,,,,,,,,,
FW00732GTN,,CIVIC 2 PTAS COUPE 92-95,,"$1,100.00","$1,200.00","$1,400.00",,,,CRINAMEX,PARABRISAS,HONDA,,92-95,,,,,,,,,,,,
FW00703GBN,,CIVIC 4 PTAS SEDAN 92-95,,"$1,370.00","$1,470.00","$1,630.00",,,,CRINAMEX,PARABRISAS,HONDA,,92-95,,,,,,,,,,,,
FW00821GTN,,CIVIC 2 PTS 96-98 ,,"$1,200.00","$1,300.00","$1,400.00",5,,,CITSA,PARABRISAS,HONDA,,96-98,,,,,,,,,,,,
FW00822GTN,,CIVIC 4 PTAS SEDAN 96-98,,"$1,080.00","$1,180.00","$1,380.00",,,,CRINAMEX,PARABRISAS,HONDA,,96-98,,,,,,,,,,,,
FW02111GGY,,CIVIC 2 PTAS COUPE/HB 99-00,,"$1,940.00","$2,040.00","$2,250.00",,,,CRINAMEX,PARABRISAS,HONDA,,99-00,,,,,,,,,,,,
FW02112GBY,,CIVIC 4PTAS SEDAN 99-00,,"$1,880.00","$1,980.00","$2,200.00",,,,CRINAMEX,PARABRISAS,HONDA,,99-00,,,,,,,,,,,,
FW02218GTN,,CIVIC 2 PTAS COUPE 01-05,,"$1,490.00","$1,550.00","$1,750.00",3,,,CITSA,PARABRISAS,HONDA,,45413,,,,,,,,,,,,
FW02218GTN,,CIVIC 2 PTAS COUPE 01-06,,"$1,320.00","$1,420.00","$1,620.00",,,,CRINAMEX,PARABRISAS,HONDA,,45444,,,,,,,,,,,,
FW02184GTY,,CIVIC 4 PTAS SEDAN 01-05,,"$1,050.00","$1,040.00","$1,400.00",,,,CITSA,PARABRISAS,HONDA,,45413,,,,,,,,,,,,
FW02184GTY,,CIVIC 4 PTAS SEDAN 01-05,,"$1,260.00","$1,380.00","$1,600.00",,,,CRINAMEX,PARABRISAS,HONDA,,45413,,,,,,,,,,,,
FW02583GBY,,CIVIC 2 PTAS COUPE 06-11,,"$1,910.00","$2,010.00","$2,200.00",,,,CRINAMEX,PARABRISAS,HONDA,,45602,,,,,,,,,,,,
FW02584GBY,,CIVIC 4 PTAS COUPE 06-12,,"$1,300.00","$1,450.00","$1,600.00",1,,,CRIN/CITS,PARABRISAS,HONDA,,45632,,,,,,,,,,,,
FW03403GTN,,CIVIC COUPE 2 PTAS 12-15,,"$2,610.00","$2,710.00","$2,900.00",,,,CRINAMEX,PARABRISAS,HONDA,,42339,,,,,,,,,,,,
FW03404GBN,,CIVIC SEDAN 4 PTAS 12-15,,"$2,220.00","$2,320.00","$2,520.00",,,,CRINAMEX,PARABRISAS,HONDA,,42339,,,,,,,,,,,,
FW02023,,CR-V 4 PTAS 97-01,,$800.00,$900.00,"$1,100.00",,,,CRINAMEX,PARABRISAS,HONDA,,97-01,,,,,,,,,,,,
FW02294GBN,,CR-V 4 PTAS 02-06,,"$1,340.00","$1,490.00","$1,640.00",5,,,CITSA,PARABRISAS,HONDA,,45445,,,,,,,,,,,,
FW02707GBN,,CR-V 4 PTAS 07-11,,"$1,420.00","$1,570.00","$1,720.00",3,,,CRIN/CITS,PARABRISAS,HONDA,,45603,,,,,,,,,,,,
FW03521GTN,,CR-V 4 PTAS UTILITI -12-16 ESPEJO ELECTROMECANICO,,"$1,880.00","$1,980.00","$2,100.00",4,,,CRIN/CITS,PARABRISAS,HONDA,,42705,,,,,,,,,,,,
FW03521GTN,,CR-V 4 PTAS UTILITI -12-16 ESPEJO ELECTROMECANICO,,"$1,780.00","$1,880.00","$2,080.00",,,,CRINAMEX,PARABRISAS,HONDA,,42705,,,,,,,,,,,,
FW02380GBN,,ELEMENT 4 PTAS 00-10 CHECAR PRESENTRA ANTES,,"$1,930.00","$2,030.00","$2,130.00",2,,,XIN,PARABRISAS,HONDA,,00-10,,,,,,,,,,,,
FW02631GTN,,FIT 4 PTAS HB 06-08,,"$1,330.00","$1,430.00","$1,630.00",,,,CRINAMEX,PARABRISAS,HONDA,,45510,,,,,,,,,,,,
FW03013GTN,,FIT 4 PTAS HB 09-14,,"$2,000.00","$2,100.00","$2,400.00",,,,CRINAMEX,PARABRISAS,HONDA,,41883,,,,,,,,,,,,
FW02110GTN,,ODYSSEY MINI VAN 4 PTAS 99-04 (FW02109GBN),,"$1,370.00","$1,520.00","$1,700.00",1,,,CRINAMEX,PARABRISAS,HONDA,,99-04,,,,,,,,,,,,
FW02502GBN,,ODYSSEY MINI VAN 4 PTAS 05-10 (02501,,"$1,550.00","$1,650.00","$1,750.00",7,,,CRINAMEX,PARABRISAS,HONDA,,45570,,,,,,,,,,,,
FW03282GBN,,ODYSSEY MINI VAN 4 PTAS 11-16,,"$2,220.00","$2,320.00","$2,520.00",,,,CRINAMEX,PARABRISAS,HONDA,,42675,,,,,,,,,,,,
FW00594GTN,,PASSPORT 4 PTAS 94-97 ,,"$1,100.00","$1,200.00","$1,400.00",,,,CRINAMEX,PARABRISAS,HONDA,,94-97,,,,,,,,,,,,
FW02062GTN,,PASSPORT 4 PTAS 98-02,,"$1,300.00","$1,400.00","$1,600.00",,,,CRINAMEX,PARABRISAS,HONDA,,98-02,,,,,,,,,,,,
FW02582GBN,,PILOT 4 PTAS 06-08,,"$1,990.00","$2,090.00","$2,300.00",,,,CRINAMEX,PARABRISAS,HONDA,,45510,,,,,,,,,,,,
FWGRANDI-10,,HYNDAY GRAND I-10 2021 ESTA EN CRYSLER,,"$2,320.00","$2,480.00","$2,650.00",2,,,CITSA,PARABRISAS,HONDA,,,,,,,,,,,,,,
FW02925GBN,,PILOT 4 PTAS 09-15,"$1,300.00","$1,460.00","$1,560.00","$1,760.00",1,,,CRINAMEX,PARABRISAS,HONDA,,42248,,,,,,,,,,,,
,,MAZDA,,,,,,,,,,,,,,,,,,,,,,,,
FW03558GTY,,CX5 4 PTAS UTILITY (13-16),,"$1,550.00","$1,750.00","$2,100.00",5,,,CITSA,PARABRISAS,MAZDA,,13-16,,,,,,,,,,,,
FW03558GTY,,CX5 4 PTAS UTILITY (13-16),,"$2,470.00","$2,570.00","$2,850.00",,,,CRINAMEX,PARABRISAS,,,13-16,,,,,,,,,,,,
FW02656GTY,,CX7 4 PTAS UTILITY (07-12),,"$1,850.00","$1,950.00","$2,200.00",5,,,CITSA,PARABRISAS,MAZDA,,45633,,,,,,,,,,,,
FW02656GTY,,CX7 4 PTAS UTILITY (07-12),,"$1,750.00","$1,850.00","$2,100.00",,,,CRINAMEX,PARABRISAS,,,45633,,,,,,,,,,,,
FW02753GBY,,CX9 4PTAS  UTILITY 07-15,,"$2,700.00","$2,800.00","$3,050.00",,,,CRINAMEX,PARABRISAS,MAZDA,,42186,,,,,,,,,,,,
FW03300GTY ,,MAZDA 2 4 PTAS (11-14),,"$1,750.00","$1,850.00","$2,100.00",1,,,CRINAMEX,PARABRISAS,MAZDA,,41944,,,,,,,,,,,,
FW02461GBY,,MAZDA 3 4 PTAS SEDAN/HATCHBACK (04-09),,"$1,600.00","$1,800.00","$2,000.00",8,,,CRINAMEX,PARABRISAS,MAZDA,,45539,,,,,,,,,,,,
FW03087GTY,,MAZDA 3 4PTS HB/DS 10-13,,"$2,200.00","$2,300.00","$2,500.00",4,,,SAINTGOBAIN,PARABRISAS,MAZDA,,41548,,,,,,,,,,,,
FW02149GTN,,MAZDA MPV MINI VAN (00-05),,"$2,060.00","$2,160.00","$2,400.00",,,,CRINAMEX,PARABRISAS,MAZDA,,00-05,,,,,,,,,,,,
FW02596GTN,,MAZDA 5 MINI VAN (06-10),,"$2,300.00","$2,400.00","$2,600.00",3,,,CRINAMEX,PARABRISAS,MAZDA,,45571,,,,,,,,,,,,
FW02308GBN,,MAZDA 6 4 PTAS SDN/ HATCHBACK/STATION WAGON 03-08   (FW-2698GBN),,"$1,760.00","$1,860.00","$2,100.00",2,,,CRINAMEX,PARABRISAS,MAZDA,,45507,,,,,,,,,,,,
FW02981GTN,,MAZDA 6 4 PTAS Sedan 2009-2011,,,,,,,,CITSA,PARABRISAS,,,2009-2011,,,,,,,,,,,,
FW03718GTY,,MAZDA 6 4 PTAS SEDAN (14-16),,"$1,600.00","$1,700.00","$1,950.00",,,,CRINAMEX,PARABRISAS,MAZDA,,14-16,,,,,,,,,,,,
FW00501GBN,,"MAZDA B2000, 2200, 2600 PICK UP 86-93",,$960.00,"$1,110.00","$1,280.00",4,,,CITSA,PARABRISAS,MAZDA,,86-93,,,,,,,,,,,,
,,MITSUBSHI,,,,,,,,,,,,,,,,,,,,,,,,
FW00620GBN,,ECLIPSE 2 PTAS COUPE/EAGLETALON/LANCE PLYMOUTH 90-94,,"$1,210.00","$1,310.00","$1,560.00",,,,,PARABRISAS,MITSUBISHI,,90-94,,,,,,,,,,,,
FW02393GBN,,ENDEAVOR 4 PTAS UTILITY (04-11),,"$1,750.00","$1,850.00","$2,100.00",1,,,CRINAMEX,PARABRISAS,MITSUBISHI,,45600,,,,,,,,,,,,
FW02541GTN,,FUSO FE/GS(06-15)/STERLING TRUCKS CABOVER CAMION ,,"$2,300.00","$2,400.00","$2,650.00",,,,CRINAMEX,PARABRISAS,MITSUBISHI,,42156,,,,,,,,,,,,
FW02091GBN,,GALANT SEDAN  4 PTAS (99-03) ESTA EN HOMDA CHECAR ANTES,"$1,176.00","$1,600.00","$1,700.00","$1,800.00",4,,,BENSON,PARABRISAS,MITSUBISHI,,99-03,,,,,,,,,,,,
FW03005GTN,,L200 (08-12)/MONTERO SPORT (08-14),,"$1,000.00","$1,100.00","$1,300.00",,,,CRINAMEX,PARABRISAS,MITSUBISHI,,"08-12, 08-14",,,,,,,,,,,,
FW02455GBN,,LANCER 4 PTAS SEDAN/WAGON (02-07),,"$1,820.00","$1,920.00","$2,150.00",,,,CRINAMEX,PARABRISAS,MITSUBISHI,,45475,,,,,,,,,,,,
FW02833GTN,,LANCER 4 PTAS SEDAN(08-16)/HATCHBACK (09-13),,"$2,300.00","$2,400.00","$2,600.00",,,,CRINAMEX,PARABRISAS,MITSUBISHI,,"08-16, 09-13",,,,,,,,,,,,
FW02259GTN,,MONTERO SPORT (98-07),,"$1,460.00","$1,560.00","$1,780.00",,,,CRINAMEX,PARABRISAS,MITSUBISHI,,98-07,,,,,,,,,,,,
FW02407GBN,,MONTERO 4 PTAS UTILITY (01-13) (fw02180),,"$1,600.00","$1,700.00","$1,800.00",5,,,CRIN/CITS,PARABRISAS,MITSUBISHI,,41275,,,,,,,,,,,,
FW02407GBN,,MONTERO 4 PTAS UTILITY (01-13) (fw02180),,"$2,000.00","$2,100.00","$2,350.00",,,,CRINAMEX,PARABRISAS,MITSUBISHI,,41275,,,,,,,,,,,,
FW02499GBN,,OUTLANDER 4 PTAS UTILITY (03-06),,"$2,190.00","$2,290.00","$2,500.00",,,,CITSA,PARABRISAS,MITSUBISHI,,45446,,,,,,,,,,,,
FW02750GBN,,OUTLADER 4 PTAS ULTILITY(07-13),,"$1,650.00","$1,750.00","$1,980.00",,,,CRINAMEX,PARABRISAS,MITSUBISHI,,41456,,,,,,,,,,,,
FW03394GBN,,OUTLADER SPORT (11-15)/ASX(13-14),,"$1,940.00","$2,040.00","$2,250.00",,,,CRINAMEX,PARABRISAS,MITSUBISHI,,"11-15, 13-14",,,,,,,,,,,,
FW00383GBN,,PICK UP(79-86)/RAM D 50(79-86) CHECAR ANTES DE PONERLO,,"$1,430.00","$1,530.00","$1,730.00",1,,,KRISOL,PARABRISAS,MITSUBISHI,,"79-86, 79-86",,,,,,,,,,,,
FW00548GBN,,PICK UP(87-96)/RAM D 50(87-89),,"$1,000.00","$1,100.00","$1,200.00",1,,,CITSA,PARABRISAS,MITSUBISHI,,"87-96, 87-89",,,,,,,,,,,,
,,PEUGEOT ,,,,,,,,,,,,,,,,,,,,,,,,
FW02234GTY,,PEUGEOT 206 HATCHBACK 2/4 PTAS (01-11)/COMPACT 2/4 PTAS HATCHBACK(10-11)  ,,"$2,080.00","$2,180.00","$2,430.00",,,,CRINAMEX,PARABRISAS,PEUGEOT,,"01-11, 10-11",,,,,,,,,,,,
FW02128GTN,,PEUGEOT 306 SEDAN 4 PTAS (92-03),,"$1,150.00","$1,250.00","$1,450.00",,,,CRINAMEX,PARABRISAS,PEUGEOT,,92-03,,,,,,,,,,,,
FW02687GTY,,PEUGEOT 307 HATCHBACK 4/2 PTAS (06-09),,"$1,600.00","$1,700.00","$2,000.00",,,,CRINAMEX,PARABRISAS,PEUGEOT,,45541,,,,,,,,,,,,
FW02509GBY,,PEUGEOT 407 SEDAN 4 PTAS (05-09),,"$3,100.00","$3,200.00","$3,450.00",,,,CRINAMEX,PARABRISAS,PEUGEOT,,45540,,,,,,,,,,,,
FW02715GTN,,GRAN RAID MMINI VAN (07-11)/PARTNER MINI VAN(06-11),,"$1,580.00","$1,680.00","$1,930.00",,,,CRINAMEX,PARABRISAS,PEUGEOT,,"07-11, 06-11",,,,,,,,,,,,
,,RENAULT,,,,,,,,,,,,,,,,,,,,,,,,
FW00950,,ALLIANCE 2/4 PTAS SD/HB 83-87,,1000,1100,1300,,,,CRINAMEX,PARABRISAS,RENAULT,,83-87,,,,,,,,,,,,
FW03335GTN,,FLUENCE 4 PTAS SEDAN (11-14),,"$1,750.00","$1,850.00","$2,100.00",,,,CRINAMEX,PARABRISAS,RENAULT,,41944,,,,,,,,,,,,
FW02104GBN,,MEGANE 4 PTAS SEDAN (99-09),,"$2,360.00","$2,460.00","$2,700.00",,,,CRINAMEX,PARABRISAS,RENAULT,,99-09,,,,,,,,,,,,
FW02952GBN,,REANULT TRAFIC MINI VAN (08-13),,"$2,530.00","$2,630.00","$2,880.00",,,,CRINAMEX,PARABRISAS,RENAULT,,41487,,,,,,,,,,,,
FW00350GBN,,RENAULT 05 2 PTAS HATCHBACK(76-84) CHECAR ANTES ,,"$1,050.00","$1,150.00","$1,250.00",6,,,CITSA,PARABRISAS,RENAULT,,76-84,,,,,,,,,,,,
FW00350GBN,,RENAULT 05 2 PTAS HATCHBACK(76-84),,"$1,500.00","$1,600.00","$1,700.00",,,,CRINAMEX,PARABRISAS,RENAULT,,76-84,,,,,,,,,,,,
FW00252CLN,,RENAULT 12 4 PTAS WAGONETA  CHECAR ANTES,,"$1,480.00","$1,560.00","$1,640.00",7,,,CITSA,PARABRISAS,RENAULT,,,,,,,,,,,,,,
FW00428CLN,,RENAULT 18 SEDAN 4 PTAS /WAGONETA 4 PTAS (81-86),,"$1,360.00","$1,440.00","$1,520.00",7,,,CITSA,PARABRISAS,RENAULT,,81-86,,,,,,,,,,,,
FW00428CLN,,RENAULT 18 SEDAN 4 PTAS /WAGONETA 4 PTAS (81-86),,"$2,000.00","$2,100.00","$2,200.00",,,,CRINAMEX,PARABRISAS,RENAULT,,81-86,,,,,,,,,,,,
FW03345GBN,,RENAULT SCALA 4 PTAS (10-12),,"$2,200.00","$2,300.00","$2,500.00",,,,CRINAMEX,PARABRISAS,RENAULT,,45636,,,,,,,,,,,,
FW03238GTN,,SANDERO Y STEPWAY 4 PTAS HBACK(10-15)/DUSTER 4 PTAS UTILITY 13,,"$1,220.00","$1,320.00","$1,550.00",,,,VITRO,PARABRISAS,RENAULT,,42278,,,,,,,,,,,,
FW02714GBN,,RENAULT KANGOO CARGO 04 / 05         FW04220,$823.60,"$1,450.00","$1,600.00","$1,750.00",3,,,,PARABRISAS,RENAULT,,,,,,,,,,,,,,
FW02103GTN,,SCENIC 4 PTAS SEDAN(99-04)/HATCHBACK 4 PTAS (06-09),,"$2,110.00","$2,210.00","$2,450.00",,,,CRINAMEX,PARABRISAS,RENAULT,,"99-04, 06-09",,,,,,,,,,,,
,,SEAT,,,,,,,,,,,,,,,,,,,,,,,,
FW02708GTY,,"CORDOBA SEDAN 4 PTAS  06-07, IBIZA2/4 PTAS HB 07-08   (FW02709)",,"$1,180.00","$1,240.00","$1,480.00",,,,,PARABRISAS,SEAT,,"06-07, 07-08",,,,,,,,,,,,
FW02291GTN,,CORDOBA SEDAN 4 PTAS /IBIZA 2/4 PTAS HATCHBACK (01-04),,$700.00,$750.00,"$1,000.00",,,,,PARABRISAS,SEAT,,45383,,,,,,,,,,,,
FW03120GTN,,IBIZA SEDAN 4 PTAS 12-17,,"$1,450.00","$1,550.00","$1,650.00",3,,,CITSA,PARABRISAS,SEAT,,43070,,,,,,,,,,,,
FW04014GTY,,IBIZA SEDAN 4 PTAS (04-  ),,"$1,310.00","$1,460.00","$1,660.00",6,,,CITSA,PARABRISAS,SEAT,,,,,,,,,,,,,,
FW05053GTN,,IBIZA SEDAN 4 PTAS (2018-2020),,"$2,120.00","$2,220.00","$2,320.00",2,,,CITSA,,,,2018-2020,,,,,,,,,,,,
FW02916GTN,,SEAT LEON 4 PTAS HATCHBACK(07-11),,"$1,790.00","$1,840.00","$2,090.00",,,,,PARABRISAS,SEAT,,45603,,,,,,,,,,,,
FW02292GTY,,TOLEDO 4 PTAS SEDAN (01-04)/LEON 4 PTAS HATCHBACK(01-06),,"$1,380.00","$1,480.00","$1,580.00",4,,,CITSA,PARABRISAS,SEAT,,"01-04, 01-06",,,,,,,,,,,,
,,FIAT,,,,,,,,,,,,,,,,,,,,,,,,
FW03889GBY,,UNO HB 13-15 EN TOYOTA,"$1,450.00","$1,600.00","$1,750.00","$2,000.00",8,,,SAINT-GOBAIN,PARABRISAS,FIAT,,13-15,,,,,,,,,,,,
,,VOLVO,,,,,,,,,,,,,,,,,,,,,,,,
FW03092GTN,,VOLVO XC60 10-16 ESTA MAZDA ,,,,,1,,,VITRO,PARABRISAS,VOLVO,,42644,,,,,,,,,,,,
,,AMERICAN       MOTORS,,,,,,,,,,,,,,,,,,,,,,,,
DW00950GBN,,"ALLIANCE (CONVER 2 PTAS 85-87, HB 2/4 PTAS 87, SEDAN 2/4 PTAS 83-87) ENCORE HB 2/4 PTAS 84-86 ",,,,,,,,,PARABRISAS,AMERICAN,,"85-87, 83-87, 84-86",,,,,,,,,,,,
,,MINI,,,,,,,,,,,,,,,,,,,,,,,,
FW02841GTY,,COOPER 2 PTAS HB-CB 07-15,,"$2,900.00","$3,300.00","$3,600.00",1,,,SAINT GOBAIN,PARABRISAS,MINI,,42186,,,,,,,,,,,,
,,MERCEDES BENZ,,,,,,,,,,,,,,,,,,,,,,,,
FW02177GBN,,A160 HB 4 PTAS 00-08 / B200 HB 4 PTAS 06-11 ESTA EN FORD ,,"$2,900.00","$3,300.00","$3,600.00",1,,,BENSON,PARABRISAS,MERCEDES BENS,,"00-08, 06-11",,,,,,,,,,,,
,,TRACTOCAMIONES,,,,,,,,,,,,,,,,,,,,,,,,
DW01139GTN,,KENWORTH C500 03 91-06 VA CON GOMA,,"$1,000.00","$1,200.00","$1,500.00",3,,,CITSA,PARABRISAS,TRACTOCAMION,,91-06,,,,,,,,,,,,
DW01655,,KENWORTH C500 T600 T660 T700 T800 W900 ESTA EN VOSVAGEN,,,,"$1,600.00",1,,,,,,,,,,,,,,,,,,,
DW00534GBN,,DINA 600,,"$1,140.00","$1,220.00","$1,400.00",,,,CRINAMEX,PARABRISAS,TRACTOCAMION,,,,,,,,,,,,,,
DW01494,,FREIGHTLINER 07-12,"$2,140.00","$2,500.00",,,,,,,PARABRISAS,TRACTOCAMION,,45633,,,,,,,,,,,,
DW02120GTY,,PROMASTER CARGO VAN (14-16) ,"$1,500.00","$1,800.00","$2,100.00","$2,800.00",12,,,SAINT GOBAINT,PARABRISAS,TRACTOCAMION,,14-16,,,,,,,,,,,,
DW01615GBN,,"NAVISTAR CITY STAR, CF500, CF600 (07-12); FORD LCF (10)",,,"$2,700.00",,3,,,GAURDIAN,PARABRISAS,TRACTOCAMION,,45633,,,,,,,,,,,,
FW02924GBN,,"ISUZU ELF 400,500,600 (09-11); KENWORTH NPR, NPR HD, NQR, NRR (08-11); CHEVROLET W3500,W4500,W5500 (07-10)","$1,528.00","$1,750.00","$2,000.00",,2,,,CRINAMEX,PARABRISAS,TRACTOCAMION,,"09-11, 08-11, 07-10",,,,,,,,,,,,
DW01383GTN,,NAVISTAR 5000i 9000i (00); 5000i (06-11); PAY STAR (07-09),"$2,170.00","$2,500.00","$2,800.00",,1,,,GUARDIAN,PARABRISAS,TRACTOCAMION,,"06-11, 07-09",,,,,,,,,,,,
DW01710GTN,,"NAVISTAR 5000 I 00-13,9100,9200,9400,9900 i 9900 ix 06-16 PAY STAR 07-16 CABINA CONVENCIONAL",,"$2,600.00","$3,000.00","$3,500.00",1,,,GUARDIAN,,,,"00-13, 06-16, 07-16",,,,,,,,,,,,
DW01685GTY,,,"$1,845.00","$2,900.00","$3,300.00","$3,800.00",3,,,CRINAMEX,,,,,,,,,,,,,,,,
DW01308GTN,,"VOLVO TRACTOR VHD,VN SERIES 05-14/VT SERIES 06-16 CONVENCIONAL","$1,235.00",,,,2,,,VITRO,,,,"05-14, 06-16",,,,,,,,,,,,
WA03298GBN,,MERCEDES BENZ H.P.N 91-95,,,,,2,,,,,,,91-95,,,,,,,,,,,,
FQ26059GTYXYG,,,,,,,1,,,,,,,,,,,,,,,,,,,
FQ26060GTYXYG,,,,,,,3,,,,,,,,,,,,,,,,,,,
FQ27101GTYXYG,,,,,,,3,,,,,,,,,,,,,,,,,,,
FQ27102GTYXYG,,,,,,,3,,,,,,,,,,,,,,,,,,,
DW01000GTN,,FREIGHTLINER MERCEDES CONVENCIONAL CAB 1999 / 2005,$858.00,"$1,250.00","$1,400.00","$1,550.00",,,,,,,,,,,,,,,,,,,,
FW02920GTN,,CABSTAR CAMION 07-11,,"$1,550.00","$1,700.00","$2,100.00",0,,,SAINT  GOBAIN,PARABRISAS,NISSAN,,45603,,,,,,,,,,,,
WL00143GBN,,"FAMSA 2000 58 X 1,80  52,5 plano",$603.20,"$1,000.00","$1,200.00","$1,400.00",8,,,CITSA,PARABRISAS,TRACTOCAMIONES,,,,,,,,,,,,,,
WL00144GBN,,"DINA 2000 58 X 1,80 54,5 plano",$613.64,"$1,000.00","$1,200.00","$1,400.00",10,,,,PARABRISAS,TRACTOCAMIONES,,,,,,,,,,,,,,
,,HOJAS,,,,,,,,,,,,,,,,,,,,,,,,
,,"5,00 CL 0,36 x 1,8 MRM",,,,,,,,CITSA,PARABRISAS,HOJAS,,,,,,,,,,,,,,
,,"5,00 CL 0,46 x 1,8 MRM",,$680.00,$700.00,,1,,,CITSA,PARABRISAS,HOJAS,,,,,,,,,,,,,,
,,"5,00 CL 0,56 x 1,8 MRM",,$740.00,,,,,,CITSA,PARABRISAS,HOJAS,,,,,,,,,,,,,,
AL01166CLN,,"5,00 CL  0.60*1.80 MRM 600*1800",,$740.00,$860.00,$980.00,13,,,CITSA,PARABRISAS,,,,,,,,,,,,,,,
,,"5,00 CL 0,66 x 1,8 MRM",,$740.00,$850.00,,,,,CITSA,PARABRISAS,HOJAS,,,,,,,,,,,,,,
,,"5,00 CL 0,76 x 1,8 MRM",,$880.00,$920.00,,,,,CITSA,PARABRISAS,HOJAS,,,,,,,,,,,,,,
,,"5,00 CL 0,86 x 1,8 MRM",,$960.00,"$1,000.00",,,,,CITSA,PARABRISAS,HOJAS,,,,,,,,,,,,,,
,,"5,00 CL 0,96 x 1,8 MRM",,$590.00,$650.00,,,,,CITSA,PARABRISAS,HOJAS,,,,,,,,,,,,,,
,,"5,00 CL  0.1.00*1.80 MRM",,"$1,100.00","$1,250.00",,5,,,CITSA,PARABRISAS,,,,,,,,,,,,,,,
,,"5,00 CL 1,20 x 1,8 MRM",,$750.00,$850.00,,,,,CITSA,PARABRISAS,HOJAS,,,,,,,,,,,,,,
,,"6,00 TX 1,20 x 2,4 MRM",,"$1,000.00","$1,300.00",,,,,CRINAMEX,PARABRISAS,HOJAS,,,,,,,,,,,,,,
,,SUZUKI,,,,,,,,,,,,,,,,,,,,,,,,
FW02768CLN,,SUZUKI SWIFT 4PTS. HB 07-09 TOYOT MAZDA,"$1,226.91","$1,700.00","$1,900.00","$2,200.00",2,,,  CITSA,PARABRISAS,SUZUKI,,45542,,,,,,,,,,,,
FW03059GTN,,SUZUKI CX4,,,"$1,800.00",,3,,,,,,,,,,,,,,,,,,,
,,AUTOBUSES,,,,,,,,,,,,,,,,,,,,,,,,
WA00477GBN,,Pbs. MidiBus CasaVan CVS 91 Pegado o con Canuela Der.,"$1,258.58",,,,2,,,CITSA,PARABRISAS,AUTOBUS,,,,,,,,,,,,,,
WA05162GBN,,Pbs. Eurocar Super Bus BR 96 / 00 Izq.  ,"$1,338.20","$1,900.00","$1,950.00","$2,450.00",8,,,CITSA,PARABRISAS,AUTOBUS,,,,,,,,,,,,,,
WA05163GBN,,Pbs. Eurocar Super Bus BR 96 / 00 Der.,"$1,338.20","$1,900.00","$1,950.00","$2,450.00",3,,,CITSA,PARABRISAS,AUTOBUS,,,,,,,,,,,,,,
WA05564GBN,,Pbs. Ayco Magno 930 92 / 2010 Izq.,"$1,350.24","$1,900.00","$2,400.00",,,,,CITSA,PARABRISAS,AUTOBUS,,,,,,,,,,,,,,
WA05564GTN,,Pbs. Ayco Magno 930 92 / 2010 Der.,"$1,350.24","$1,900.00","$2,400.00",,,,,CITSA,PARABRISAS,AUTOBUS,,,,,,,,,,,,,,
WA05565GTN,,Pbs. Mercedes Benzs Derecho,,,,,3,,,CITSA,PARABRISAS,AUTOBUS,,,,,,,,,,,,,,
WA05565GTN,,Pbs. Mercedes Benzs Izquierdo,,,,,3,,,CITSA,PARABRISAS,AUTOBUS,,,,,,,,,,,,,,
WA05601GTN,,Pbs. Supra Catosa Esquinas Redondas 2000 Der.,"$1,816.08","$2,550.00",,,,,,CITSA,PARABRISAS,AUTOBUS,,,,,,,,,,,,,,
WA05602GTN,,Pbs. Supra Catosa Esquinas Redondas 2000 Izq.,"$1,816.08","$2,550.00",,,,,,CITSA,PARABRISAS,AUTOBUS,,,,,,,,,,,,,,
WA05612GBN,,Pbs. Eurocar Super Bus Hermes 2000  00 / 03 Izq.,"$1,756.37","$2,400.00","$2,850.00","$3,800.00",4,,,CITSA,PARABRISAS,AUTOBUS,,,,,,,,,,,,,,
WA05613GBN,,Pbs. Eurocar Super Bus Hermes 2000  00 / 03 Der.,"$1,756.37","$2,400.00","$2,850.00","$3,800.00",2,,,CITSA,PARABRISAS,AUTOBUS,,,,,,,,,,,,,,
WA05639CLN,,Pbs. Reco Semichato RTP Pegado 01 / 03 Der.             ,"$1,451.75","$1,910.00","$2,410.00",,,,,CITSA,PARABRISAS,AUTOBUS,,,,,,,,,,,,,,
WA05640CLN,,Pbs. Reco Semichato RTP Pegado 01 / 03 Izq.,"$1,451.75","$1,910.00","$2,410.00",,1,,,CITSA,PARABRISAS,AUTOBUS,,,,,,,,,,,,,,
WA05681GTN,,Pbs. Supra Catosa 2002 OPERBUS COSMOS Y CONTEMPORANEO Der.                 ,"$1,816.08","$2,600.00","$3,100.00","$4,200.00",3,,,CITSA,PARABRISAS,AUTOBUS,,,,,,,,,,,,,,
WA05682GTN,,Pbs. Supra Catosa 2002 OPERBUS COSMOS Y CONTEMPORANEO Izq.,"$1,816.08","$2,600.00","$3,100.00","$4,200.00",4,,,CITSA,PARABRISAS,AUTOBUS,,,,,,,,,,,,,,
WA05800CLN,,Pbs. Marco Polo Boxer 2002 Izq.    ,"$1,062.24","$1,800.00","$2,300.00","$3,100.00",,,,CITSA,PARABRISAS,AUTOBUS,,,,,,,,,,,,,,
WA05801CLN,, Pbs MARCO Polo Boxer 2002 der ,"$1,062.24","$1,800.00","$2,300.00","$3,100.00",1,,,CITSA,PARABRISAS,AUTOBUS,,,,,,,,,,,,,,
WA05818GBN,,Pbs. Vanetesa Midi Bus P-42 Der.,"$1,863.89","$2,150.00","$2,400.00","$2,900.00",,,,CITSA,PARABRISAS,AUTOBUS,,,,,,,,,,,,,,
WA05819GBN,,Pbs. Vanetesa Midi Bus P-42 Izq.,"$1,863.89","$2,150.00","$2,400.00","$2,900.00",1,,,CITSA,PARABRISAS,AUTOBUS,,,,,,,,,,,,,,
WA05861GTN,,Pbs. Eurocar Super Bus Hermes 2006 Izq..,"$2,007.30","$2,500.00","$2,800.00","$2,900.00",3,,,CITSA,PARABRISAS,AUTOBUS,,,,,,,,,,,,,,
WA05862GTN,,Pbs. Eurocar Super Bus Hermes 2006 Der.,"$2,007.30","$2,500.00","$2,800.00","$2,900.00",,,,CITSA,PARABRISAS,AUTOBUS,,,,,,,,,,,,,,
WA05876CLN,,Pbs. Ayco Zafiro 2007 / 2010 Der.,"$1,696.65","$2,250.00","$2,700.00","$2,900.00",,,,CITSA,PARABRISAS,AUTOBUS,,,,,,,,,,,,,,
WA05877CLN,,Pbs. Ayco Zafiro 2007 / 2010 Izq.,"$1,696.65","$2,250.00","$2,700.00","$2,900.00",,,,CITSA,PARABRISAS,AUTOBUS,,,,,,,,,,,,,,
WA05896GBN,,Pbs. San Marino Volkswagen Centauro 2007 Der.,$894.36,"$1,150.00","$1,400.00","$1,800.00",3,,,CITSA,PARABRISAS,AUTOBUS,,,,,,,,,,,,,,
WA05995GTN,,Pbs Marco Polo Boxer izq,,"$2,100.00","$2,700.00","$3,500.00",1,,,,,,,,,,,,,,,,,,,
,,,,"$2,370.00","$2,870.00",,,,,,,,,,,,,,,,,,,,,
,,,,,,,,,,,,,,,,,,,,,,,,,,
,,,,"$2,120.00","$2,620.00",,,,,,,,,,,,,,,,,,,,,
WA05685GTN,,PBS RECO DERECHO,,"$2,950.00","$3,500.00","$4,500.00",2,,,,,,,,,,,,,,,,,,,
WA08032GTN,,,,,,,1,,,,,,,,,,,,,,,,,,,
WA08031GTN,,,,,,,1,,,,,,,,,,,,,,,,,,,
WA05823GTN,,LETRERO,,"$1,240.00","$1,640.00",,1,,,,,,,,,,,,,,,,,,,
WA06191GTN,,OBS MOTO TAXI BAJAJ,,"$1,200.00","$1,400.00","$1,600.00",2,,,,,,,,,,,,,,,,,,,
WA06210GTN,,PBS MOTO ATUL ,,"$1,200.00","$1,400.00","$1,600.00",2,,,,,,,,,,,,,,,,,,,
WA06215GTN,,PBS TORINO TOWN Y PACK,,"$1,200.00","$1,400.00","$1,600.00",2,,,,,,,,,,,,,,,,,,,
WA06220GTN,,PBS TORINO MOTO COUNTRY,,"$1,200.00","$1,400.00","$1,600.00",2,,,,,,,,,,,,,,,,,,,
,,TRACTOCAMIONES ,,,,,,,,,,,,,,,,,,,,,,,,
DW00534GBN,,INTERNATIONAL HARVESTER DINA CAM. 57-86 ,$673.96,$800.00,$900.00,"$1,200.00",0,,,CITSA,PARABRISAS,TRACTOCAMIONES,,57-86,,,,,,,,,,,,
DW00919GTN,,CAMION NAVIESTAR CABINA ALTA 80-96      ,$633.36,$850.00,"$1,050.00","$1,450.00",2,,,CITSA,PARABRISAS,TRACTOCAMIONES,,80-96,,,,,,,,,,,,
DW00920GTN,,CAMION NAVIESTAR CABINA ALTA 80-96      ,$633.36,$850.00,"$1,050.00","$1,450.00",2,,,CITSA,PARABRISAS,TRACTOCAMIONES,,80-96,,,,,,,,,,,,
DW01000GTN,,FREIGHTLINER MERCEDES CONVENCIONAL CAB 1999 / 2005,$858.00,"$1,000.00","$1,050.00","$1,350.00",,,,CITSA,PARABRISAS,TRACTOCAMIONES,,,,,,,,,,,,,,
DW01139GBN,,KENWORTH CAB. CONV. 90-96 C-500 C-800 T-400,$482.00,$650.00,$800.00,"$1,100.00",,,,,PARABRISAS,TRACTOCAMIONES,,90-96,,,,,,,,,,,,
DW01163GTN,,"KENWORTH C500, C800,T170,T270, T300, T400, T450, T600, T800 W900 Conv. Cab Der. 97 / 06 CURVO  MITAD",$332.00,$500.00,$600.00,$950.00,2,,,CITSA,PARABRISAS,TRACTOCAMIONES,,,,,,,,,,,,,,
DW01164GTN,,"KENWORTH C500, C800,T170,T270, T300, T400, T450, T600, T800 W900 Conv. Cab Izq. 97 / 06 CURVO MITAD",$332.00,$500.00,$600.00,$950.00,2,,,CITSA,PARABRISAS,TRACTOCAMIONES,,,,,,,,,,,,,,
DW01731GTN,,FRIGHTLINER CASCADIA DER. CAB. CONV. 2008-2008,$791.12,"$1,000.00","$1,200.00","$1,800.00",1,,,CITSA,PARABRISAS,TRACTOCAMIONES,,2008-2008,,,,,,,,,,,,
DW01732GTN,,FRIGHTLINER CASCADIA IZQ. CAB. CONV. 2008-2009,$791.12,"$1,000.00","$1,200.00","$1,800.00",0,,,CITSA,PARABRISAS,TRACTOCAMIONES,,2008-2009,,,,,,,,,,,,
DW01302GTN,,FREIGHTLINER CENTURY CLASS. 96/UP DER SIM,$678.60,$850.00,"$1,000.00","$1,800.00",3,,,CITSA,PARABRISAS,TRACTOCAMIONES,,,,,,,,,,,,,,
DW01303GTN,,FREIGHTLINER CENTURY CLASS. 96/UP IZQ. SIM,$678.60,$850.00,"$1,000.00","$1,800.00",3,,,CITSA,PARABRISAS,TRACTOCAMIONES,,,,,,,,,,,,,,
DW01615GBN,,"CAMION FORD LCF CAB FORWARD 06-10, NAVISTAR CITY STAR, CF500, CF600 (07-12)","$1,105.00","$1,500.00","$1,700.00","$2,200.00",7,,,CITSA,PARABRISAS,TRACTOCAMIONES,,"06-10, 07-12",,,,,,,,,,,,
WL00137GBN,,KENWORTH T-800 54 X 78 plano MITAD,$188.00,$400.00,$550.00,$800.00,4,,,CITSA,PARABRISAS,TRACTOCAMIONES,,,,,,,,,,,,,,
WL00141GBN,,PARABRISAS DINA 800 861 (NAVISTAR),$245.00,,,,1,,,CITSA,PARABRISAS,TRACTOCAMIONES,,,,,,,,,,,,,,
WL00142GBN,,DINA 3000 plano,$506.00,"$1,000.00","$1,100.00","$1,300.00",,,,CITSA,PARABRISAS,TRACTOCAMIONES,,,,,,,,,,,,,,
WL00143GBN,,"FAMSA 2000 58 X 1,80  52,5 plano",$603.20,"$1,100.00","$1,200.00","$1,400.00",9,,,CITSA,PARABRISAS,TRACTOCAMIONES,,,,,,,,,,,,,,
WL00144GBN,,"DINA 2000 58 X 1,80 54,5 plano",$613.64,"$1,100.00","$1,200.00","$1,400.00",10,,,,PARABRISAS,TRACTOCAMIONES,,,,,,,,,,,,,,
,,DINA 2000  ,,,,"$3,500.00",1,,,,,,,,,,,,,,,,,,,
WL00162GBN,,FREIGHTLINER TROMPUDO NACIONAL 52 X 90 plano MITAD,$209.00,$600.00,$750.00,$850.00,,,,,PARABRISAS,TRACTOCAMIONES,,,,,,,,,,,,,,
FW03119 GBN,,PARABRISAS CAMION ISUZU ELF 300 CABOVER 2009-2010,"$1,134.47","$1,400.00","$1,650.00","$2,100.00",2,,,CITSA,PARABRISAS,TRACTOCAMIONES,,2009-2010,,,,,,,,,,,,
